run_id,run_name,dataset,model,gnn_type,hidden_channels,num_layers,lr,weight_decay,batch_size,singletons_only,loss_ablation,use_bce_loss,use_mr_loss,use_ms_loss,train_loss,train_bce,train_mr,train_ms,train_acc,val_loss,val_f1,val_auroc_entropy,test_acc_id,test_auroc_entropy,epoch,num_id_classes,focal_strategy,num_output_heads,ablation_group
7lecb2z5,run-20260404_175255-7lecb2z5,chameleon,random_set,GAT,64,3,0.058619988044482214,0.08636502847027079,-1,False,full,False,False,False,0.632160484790802,0.6316554546356201,0.15126290917396545,,0.372488409280777,0.631432056427002,0.4063926935195923,0.5,0.3695652186870575,0.5,69.0,3,full_power_set,7,standard_focal_sets__full
s1ns5ncc,run-20260404_175311-s1ns5ncc,chameleon,random_set,GAT,64,2,0.023645055886934916,0.05075573429518222,-1,False,full,False,False,False,0.6050890684127808,0.604698121547699,0.1134294793009758,,0.372488409280777,0.6035020351409912,0.4063926935195923,0.7038553953170776,0.3695652186870575,0.699999988079071,60.0,3,full_power_set,7,standard_focal_sets__full
mff2kv0r,run-20260404_175332-mff2kv0r,chameleon,random_set,GAT,128,3,0.02228937227140599,0.0249831295720347,-1,False,full,False,False,False,0.5640840530395508,0.5639212727546692,0.04184645786881447,,0.372488409280777,0.5615212917327881,0.4063926935195923,0.8050651550292969,0.3695652186870575,0.787248432636261,56.0,3,full_power_set,7,standard_focal_sets__full
yrumucpq,run-20260404_175348-yrumucpq,chameleon,random_set,GAT,256,3,0.011180380410931492,0.019376722110256196,-1,False,full,False,False,False,0.5565241575241089,0.5564167499542236,0.024934198707342148,,0.372488409280777,0.5534309148788452,0.4063926935195923,0.8393745422363281,0.3695652186870575,0.8237218856811523,63.0,3,full_power_set,7,standard_focal_sets__full
mmtacvj0,run-20260404_175410-mmtacvj0,chameleon,random_set,GAT,256,3,0.027119132409080537,0.011802136955872532,-1,False,full,False,False,False,0.5494584441184998,0.549402117729187,0.01269594207406044,,0.372488409280777,0.545832633972168,0.4063926935195923,0.8320426940917969,0.3695652186870575,0.8177434802055359,60.0,3,full_power_set,7,standard_focal_sets__full
zibgqpby,run-20260404_175431-zibgqpby,chameleon,random_set,GAT,256,3,0.0055664971007479145,0.008480438701828236,-1,False,full,False,False,False,0.3280886709690094,0.3279857933521271,0.07683181762695312,,0.8423492908477783,0.6496725678443909,0.4885844886302948,0.6934205889701843,0.5181159377098083,0.6667975187301636,86.0,3,full_power_set,7,standard_focal_sets__full
prkplcj9,run-20260404_175528-prkplcj9,chameleon,random_set,GAT,256,3,0.023584703414157613,0.050641576196013664,-1,False,full,False,False,False,0.6031062006950378,0.6027247905731201,0.11188675463199615,,0.372488409280777,0.6018264889717102,0.4063926935195923,0.5,0.3695652186870575,0.5,56.0,3,full_power_set,7,standard_focal_sets__full
0g9lf9fq,run-20260404_175551-0g9lf9fq,chameleon,random_set,GAT,64,3,0.05480512285291494,0.0966697930189722,-1,False,full,False,False,False,0.6370546221733093,0.6365294456481934,0.15598946809768677,,0.372488409280777,0.6362674236297607,0.4063926935195923,0.5,0.3695652186870575,0.5,63.0,3,full_power_set,7,standard_focal_sets__full
6jz8ucg1,run-20260404_175607-6jz8ucg1,chameleon,random_set,GAT,128,3,0.03848345886871401,0.012671466964137386,-1,False,full,False,False,False,0.5482872128486633,0.5482266545295715,0.015221824869513512,,0.372488409280777,0.5449024438858032,0.4063926935195923,0.8245461583137512,0.3695652186870575,0.8110709190368652,58.0,3,full_power_set,7,standard_focal_sets__full
agkoz87n,run-20260404_175623-agkoz87n,chameleon,random_set,GAT,256,3,0.02339911836062782,0.00964461178590205,-1,False,full,False,False,False,0.5470418930053711,0.5469962954521179,0.01173613965511322,,0.372488409280777,0.5432600975036621,0.4063926935195923,0.8258328437805176,0.3695652186870575,0.8102858066558838,60.0,3,full_power_set,7,standard_focal_sets__full
7q6qmzjr,run-20260404_175644-7q6qmzjr,chameleon,random_set,GAT,64,3,0.027622012586834645,0.010717606869582235,-1,False,full,False,False,False,0.545857310295105,0.5458059310913086,0.014227695763111115,,0.372488409280777,0.5422975420951843,0.4063926935195923,0.8132836222648621,0.3695652186870575,0.7981984615325928,59.0,3,full_power_set,7,standard_focal_sets__full
8s6qf2ho,run-20260404_175701-8s6qf2ho,chameleon,random_set,GAT,128,3,0.04758858283455219,0.004832818505177164,-1,False,full,False,False,False,0.39048051834106445,0.3903980851173401,0.03689924627542496,,0.7094281315803528,0.5115721225738525,0.37899544835090637,0.6251078248023987,0.4420289993286133,0.6163244843482971,70.0,3,full_power_set,7,standard_focal_sets__full
mbaypuu0,run-20260404_175726-mbaypuu0,chameleon,random_set,GAT,128,3,0.022699671484168845,0.004933372826097551,-1,False,full,False,False,False,0.28370165824890137,0.28365275263786316,0.02983998879790306,,0.833075761795044,0.7810073494911194,0.5136986374855042,0.4392348527908325,0.5181159377098083,0.4093398153781891,64.0,3,full_power_set,7,standard_focal_sets__full
tpz04y0o,run-20260404_175744-tpz04y0o,chameleon,random_set,GAT,64,3,0.05181601159039421,0.06991742192644428,-1,False,full,False,False,False,0.6247192621231079,0.6242439150810242,0.1420065015554428,,0.372488409280777,0.6235619783401489,0.4063926935195923,0.5,0.3695652186870575,0.5,56.0,3,full_power_set,7,standard_focal_sets__full
u2weyxwg,run-20260404_175800-u2weyxwg,chameleon,random_set,GAT,256,2,0.09119537964199376,0.02038220830466013,-1,False,full,False,False,False,0.5550718307495117,0.5549607276916504,0.027139507234096527,,0.372488409280777,0.5522009134292603,0.4063926935195923,0.837020754814148,0.3695652186870575,0.8237519264221191,100.0,3,full_power_set,7,standard_focal_sets__full
8p1dfv1p,run-20260404_175826-8p1dfv1p,chameleon,random_set,GAT,256,3,0.020707967747580228,0.01884435508089104,-1,False,full,False,False,False,0.5569891929626465,0.5568784475326538,0.025992749258875847,,0.372488409280777,0.5539292693138123,0.4063926935195923,0.8378171324729919,0.3695652186870575,0.8208735585212708,58.0,3,full_power_set,7,standard_focal_sets__full
yh998zhn,run-20260404_175848-yh998zhn,chameleon,random_set,GAT,64,3,0.03696150966929151,0.0197266381248024,-1,False,full,False,False,False,0.5588861107826233,0.5587604641914368,0.031275007873773575,,0.372488409280777,0.5557695627212524,0.4063926935195923,0.7546094059944153,0.3695652186870575,0.7421899437904358,62.0,3,full_power_set,7,standard_focal_sets__full
5cj1rryq,run-20260404_175904-5cj1rryq,chameleon,random_set,GAT,256,2,0.06943996884516197,0.028919352047469548,-1,False,full,False,False,False,0.5652168393135071,0.5650448203086853,0.04374340549111366,,0.372488409280777,0.5628818273544312,0.4063926935195923,0.8392254710197449,0.3695652186870575,0.8263587951660156,61.0,3,full_power_set,7,standard_focal_sets__full
j1rzizs7,run-20260404_175930-j1rzizs7,chameleon,random_set,GAT,128,2,0.09360777956257176,0.02727515060263472,-1,False,full,False,False,False,0.5643050074577332,0.5641392469406128,0.04279248043894768,,0.372488409280777,0.5617388486862183,0.4063926935195923,0.840025782585144,0.3695652186870575,0.8253321051597595,72.0,3,full_power_set,7,standard_focal_sets__full
yiowfxzf,run-20260404_175947-yiowfxzf,chameleon,random_set,GAT,256,2,0.07475270427821507,0.06891492782237646,-1,False,full,False,False,False,0.6225787401199341,0.6221112012863159,0.1393672376871109,,0.372488409280777,0.6213679909706116,0.4063926935195923,0.5005452632904053,0.3695652186870575,0.48283010721206665,52.0,3,full_power_set,7,standard_focal_sets__full
n7g1pxgf,run-20260404_180003-n7g1pxgf,chameleon,random_set,GAT,256,3,0.08178888668840448,0.02396748969362147,-1,False,full,False,False,False,0.5592290163040161,0.559100329875946,0.031193910166621208,,0.372488409280777,0.5564230680465698,0.4063926935195923,0.8400924801826477,0.3695652186870575,0.819514811038971,71.0,3,full_power_set,7,standard_focal_sets__full
axvbejya,run-20260404_180029-axvbejya,chameleon,random_set,GAT,128,2,0.09944865462135438,0.019694183594744265,-1,False,full,False,False,False,0.5548223853111267,0.5547123551368713,0.027590783312916756,,0.372488409280777,0.5520220398902893,0.4063926935195923,0.8377818465232849,0.3695652186870575,0.82431560754776,71.0,3,full_power_set,7,standard_focal_sets__full
3f5ml464,run-20260404_180045-3f5ml464,chameleon,random_set,GAT,256,3,0.0854780521400404,0.036440374282735,-1,False,full,False,False,False,0.581982433795929,0.5817084312438965,0.07731442153453827,,0.372488409280777,0.5799219012260437,0.4063926935195923,0.5399426221847534,0.3695652186870575,0.5161835551261902,82.0,3,full_power_set,7,standard_focal_sets__full
64cpg9wk,run-20260404_180135-64cpg9wk,chameleon,random_set,GAT,256,3,0.07059225661265567,0.014246211802582924,-1,False,full,False,False,False,0.5487400889396667,0.5486727952957153,0.01622205600142479,,0.372488409280777,0.5456893444061279,0.4063926935195923,0.8219021558761597,0.3695652186870575,0.8060286045074463,73.0,3,full_power_set,7,standard_focal_sets__full
izltem7e,run-20260404_180207-izltem7e,chameleon,random_set,GAT,256,2,0.06920065308146202,0.04276890125420553,-1,False,full,False,False,False,0.5921598076820374,0.5918315649032593,0.0956297218799591,,0.372488409280777,0.5903956890106201,0.4063926935195923,0.7633455395698547,0.3695652186870575,0.7595008015632629,59.0,3,full_power_set,7,standard_focal_sets__full
ggimxjah,run-20260404_180233-ggimxjah,chameleon,random_set,GAT,64,3,0.017951633929744627,0.024950571795456865,-1,False,full,False,False,False,0.563667893409729,0.5635080933570862,0.04069208726286888,,0.372488409280777,0.5609579682350159,0.4063926935195923,0.6232131123542786,0.3695652186870575,0.6452898979187012,66.0,3,full_power_set,7,standard_focal_sets__full
bw0th8we,run-20260404_180250-bw0th8we,chameleon,random_set,GAT,64,3,0.02817120846573405,0.04062288024419797,-1,False,full,False,False,False,0.5885267853736877,0.5882174372673035,0.08831986784934998,,0.372488409280777,0.586557924747467,0.4063926935195923,0.5011415481567383,0.3695652186870575,0.5,58.0,3,full_power_set,7,standard_focal_sets__full
n0fpt3vn,run-20260404_180306-n0fpt3vn,chameleon,random_set,GAT,256,3,0.09071887065486056,0.03296394984049197,-1,False,full,False,False,False,0.5684186816215515,0.5682269334793091,0.05192960426211357,,0.372488409280777,0.5661183595657349,0.4063926935195923,0.8267821669578552,0.3695652186870575,0.8137480020523071,64.0,3,full_power_set,7,standard_focal_sets__full
owx2ec1j,run-20260404_180328-owx2ec1j,chameleon,random_set,GAT,256,3,0.06929120018706336,0.02665248579403045,-1,False,full,False,False,False,0.5649386048316956,0.5647696852684021,0.044331327080726624,,0.372488409280777,0.5623951554298401,0.4063926935195923,0.8155431747436523,0.3695652186870575,0.800815224647522,66.0,3,full_power_set,7,standard_focal_sets__full
nf6o64z8,run-20260404_180349-nf6o64z8,chameleon,random_set,GAT,256,2,0.06297509091847006,0.02910243837669382,-1,False,full,False,False,False,0.5661109089851379,0.5659332871437073,0.04537201672792435,,0.372488409280777,0.5636383295059204,0.4063926935195923,0.8402453660964966,0.3695652186870575,0.8257045149803162,72.0,3,full_power_set,7,standard_focal_sets__full
wlwn3rmy,run-20260404_180410-wlwn3rmy,chameleon,random_set,GAT,128,3,0.036173528225915776,0.041991637825570555,-1,False,full,False,False,False,0.591640830039978,0.5913152098655701,0.09453742206096649,,0.372488409280777,0.5900760889053345,0.4063926935195923,0.5,0.3695652186870575,0.5,55.0,3,full_power_set,7,standard_focal_sets__full
301kljdr,run-20260404_180426-301kljdr,chameleon,random_set,GAT,64,2,0.09844803210540928,0.0554257342184539,-1,False,full,False,False,False,0.6140827536582947,0.6136508584022522,0.12646141648292542,,0.372488409280777,0.6128783226013184,0.4063926935195923,0.4818175137042999,0.3695652186870575,0.4348228871822357,54.0,3,full_power_set,7,standard_focal_sets__full
j6iqlq59,run-20260404_180447-j6iqlq59,chameleon,random_set,GAT,64,2,0.047825003156076226,0.04180767101341769,-1,False,full,False,False,False,0.5912566184997559,0.5909329056739807,0.0931893065571785,,0.372488409280777,0.5895360708236694,0.4063926935195923,0.768151044845581,0.3695652186870575,0.7648047804832458,56.0,3,full_power_set,7,standard_focal_sets__full
rgzoal8o,run-20260404_180508-rgzoal8o,chameleon,random_set,GAT,64,2,0.04586524358665115,0.08783194897869147,-1,False,full,False,False,False,0.6328074932098389,0.6322994828224182,0.15159767866134644,,0.372488409280777,0.6320096254348755,0.4063926935195923,0.5,0.3695652186870575,0.5,69.0,3,full_power_set,7,standard_focal_sets__full
0blo9sno,run-20260404_180530-0blo9sno,chameleon,random_set,GAT,256,2,0.012636054880124236,0.034176702186112635,-1,False,full,False,False,False,0.5719130635261536,0.5716986656188965,0.05473586171865463,,0.372488409280777,0.5695515871047974,0.4063926935195923,0.8401669263839722,0.3695652186870575,0.8264291286468506,58.0,3,full_power_set,7,standard_focal_sets__full
84mm5xzn,run-20260404_180556-84mm5xzn,chameleon,random_set,GAT,256,3,0.09355370212317658,0.07987282709922874,-1,False,full,False,False,False,0.6298394799232483,0.6293429136276245,0.14706388115882874,,0.372488409280777,0.6292021870613098,0.4063926935195923,0.5,0.3695652186870575,0.5,52.0,3,full_power_set,7,standard_focal_sets__full
fxtibs3n,run-20260404_180623-fxtibs3n,chameleon,random_set,GAT,64,3,0.001179875591523431,0.07786757532588949,-1,False,full,False,False,False,0.6400569677352905,0.6395137906074524,0.1562582403421402,,0.372488409280777,0.6393437385559082,0.4063926935195923,0.5136986374855042,0.3695652186870575,0.5090579986572266,176.0,3,full_power_set,7,standard_focal_sets__full
yac7ma2p,run-20260404_180651-yac7ma2p,chameleon,random_set,GAT,256,3,0.08074434249366283,0.05794161020790649,-1,False,full,False,False,False,0.6144985556602478,0.6140652298927307,0.12856897711753845,,0.372488409280777,0.6133986115455627,0.4063926935195923,0.5141341090202332,0.3695652186870575,0.5065217018127441,52.0,3,full_power_set,7,standard_focal_sets__full
5iz3phgy,run-20260404_180713-5iz3phgy,chameleon,random_set,GAT,256,3,0.07627605205902413,0.005480599786938269,-1,False,full,False,False,False,0.20301569998264313,0.20297089219093323,0.020249532535672188,,0.8485316634178162,0.5995594263076782,0.5273972749710083,0.4840967059135437,0.5471014380455017,0.4853764474391937,142.0,3,full_power_set,7,standard_focal_sets__full
33j0p085,run-20260404_180755-33j0p085,chameleon,random_set,GAT,64,2,0.02119714041599038,0.00561820190416361,-1,False,full,False,False,False,0.18336836993694305,0.183324933052063,0.024564692750573158,,0.8763523697853088,0.6298143863677979,0.5456621050834656,0.4896828830242157,0.5652173757553101,0.5171396732330322,60.0,3,full_power_set,7,standard_focal_sets__full
srmm318k,run-20260404_180816-srmm318k,chameleon,random_set,GAT,64,3,0.05197641230376575,0.08285672789698476,-1,False,full,False,False,False,0.6309099197387695,0.6304097175598145,0.1498871147632599,,0.372488409280777,0.6299270987510681,0.4063926935195923,0.5,0.3695652186870575,0.5,58.0,3,full_power_set,7,standard_focal_sets__full
q9leimwj,run-20260404_180832-q9leimwj,chameleon,random_set,GAT,128,3,0.004626169272218807,0.07521390365398996,-1,False,full,False,False,False,0.644136369228363,0.6435772776603699,0.14570622146129608,,0.372488409280777,0.6431368589401245,0.4063926935195923,0.5016946792602539,0.3695652186870575,0.49613526463508606,80.0,3,full_power_set,7,standard_focal_sets__full
ihn1t5oe,run-20260404_180854-ihn1t5oe,chameleon,random_set,GAT,128,3,0.08271365678181239,0.031200314223520105,-1,False,full,False,False,False,0.5747086405754089,0.5744764804840088,0.06549249589443207,,0.372488409280777,0.5723048448562622,0.4063926935195923,0.7967997193336487,0.3695652186870575,0.786795437335968,56.0,3,full_power_set,7,standard_focal_sets__full
cv5tfs3t,run-20260404_180910-cv5tfs3t,chameleon,random_set,GAT,64,3,0.07463870324141851,0.039378283130552146,-1,False,full,False,False,False,0.5862257480621338,0.5859286785125732,0.08542127162218094,,0.372488409280777,0.5846340656280518,0.4063926935195923,0.5,0.3695652186870575,0.5,55.0,3,full_power_set,7,standard_focal_sets__full
j9jzx08q,run-20260404_180931-j9jzx08q,chameleon,random_set,GAT,256,3,0.07966100564090481,0.05283949470654132,-1,False,full,False,False,False,0.6081699728965759,0.6077653169631958,0.12080706655979156,,0.372488409280777,0.6065438985824585,0.4063926935195923,0.5,0.3695652186870575,0.5,55.0,3,full_power_set,7,standard_focal_sets__full
393x4muq,run-20260404_181018-393x4muq,chameleon,random_set,GAT,128,3,0.05350808978979011,0.06867346790274372,-1,False,full,False,False,False,0.6246289610862732,0.624153196811676,0.141744002699852,,0.372488409280777,0.6232975721359253,0.4063926935195923,0.5,0.3695652186870575,0.5,55.0,3,full_power_set,7,standard_focal_sets__full
weffvnt2,run-20260404_181034-weffvnt2,chameleon,random_set,GAT,128,3,0.08148272526738112,0.02868459264257572,-1,False,full,False,False,False,0.5699611902236938,0.5697588920593262,0.05504210293292999,,0.372488409280777,0.5673022866249084,0.4063926935195923,0.8292418122291565,0.3695652186870575,0.8052636384963989,56.0,3,full_power_set,7,standard_focal_sets__full
datsca5j,run-20260404_181050-datsca5j,chameleon,random_set,GAT,128,3,0.04598894428340506,0.017311780383244657,-1,False,full,False,False,False,0.5560204386711121,0.5559161305427551,0.025565318763256073,,0.372488409280777,0.5528349876403809,0.4063926935195923,0.8155627846717834,0.3695652186870575,0.7992753386497498,55.0,3,full_power_set,7,standard_focal_sets__full
3r93z6pi,run-20260404_181107-3r93z6pi,chameleon,random_set,GAT,256,2,0.07947552294662813,0.03589958252720877,-1,False,full,False,False,False,0.5767998695373535,0.5765557885169983,0.06759072840213776,,0.372488409280777,0.5749119520187378,0.4063926935195923,0.840598464012146,0.3695652186870575,0.8250704407691956,72.0,3,full_power_set,7,standard_focal_sets__full
fttsv9s5,run-20260404_181128-fttsv9s5,chameleon,random_set,GAT,256,2,0.03123245407937912,0.018404574133519046,-1,False,full,False,False,False,0.5534610748291016,0.5533577799797058,0.026245608925819397,,0.372488409280777,0.5502106547355652,0.4063926935195923,0.836373507976532,0.3695652186870575,0.8238728046417236,56.0,3,full_power_set,7,standard_focal_sets__full
fz2qeypr,run-20260404_181145-fz2qeypr,chameleon,random_set,GAT,256,2,0.04596889064296244,0.0275512425414489,-1,False,full,False,False,False,0.5640523433685303,0.5638881325721741,0.042993344366550446,,0.372488409280777,0.5616319179534912,0.4063926935195923,0.8386919498443604,0.3695652186870575,0.8240338563919067,58.0,3,full_power_set,7,standard_focal_sets__full
3m18e5lc,run-20260404_181220-3m18e5lc,chameleon,random_set,GAT,128,2,0.05917260836175366,0.050764303214851425,-1,False,full,False,False,False,0.6034870743751526,0.6031039357185364,0.11193746328353882,,0.372488409280777,0.6021862030029297,0.4063926935195923,0.7096416354179382,0.3695652186870575,0.6995672583580017,54.0,3,full_power_set,7,standard_focal_sets__full
jxwy8at4,run-20260404_181253-jxwy8at4,chameleon,random_set,GAT,256,2,0.08706297185771815,0.009494821082338378,-1,False,full,False,False,False,0.2915339469909668,0.2914617657661438,0.027522476390004158,,0.8052549958229065,0.4961336851119995,0.5525113940238953,0.5438811182975769,0.6231883764266968,0.5596215724945068,130.0,3,full_power_set,7,standard_focal_sets__full
kmy8630e,run-20260404_181327-kmy8630e,chameleon,random_set,GAT,128,3,0.09463071063338456,0.05345207205466057,-1,False,full,False,False,False,0.6104152798652649,0.6099994778633118,0.12240508198738098,,0.372488409280777,0.6090030074119568,0.4063926935195923,0.5,0.3695652186870575,0.5,54.0,3,full_power_set,7,standard_focal_sets__full
evj7cmzm,run-20260404_181343-evj7cmzm,chameleon,random_set,GAT,64,2,0.05614876125959061,0.015454765273205944,-1,False,full,False,False,False,0.38672783970832825,0.38663822412490845,0.025354178622364998,,0.8006182312965393,0.4987165331840515,0.5410959124565125,0.6024808287620544,0.5978260636329651,0.6118055582046509,152.0,3,full_power_set,7,standard_focal_sets__full
req4ptjc,run-20260404_181451-req4ptjc,chameleon,random_set,GAT,128,2,0.05197515677955729,0.040715424362344835,-1,False,full,False,False,False,0.5890164971351624,0.588704526424408,0.08974630385637283,,0.372488409280777,0.5868093967437744,0.4063926935195923,0.8026252388954163,0.3695652186870575,0.8033816814422607,54.0,3,full_power_set,7,standard_focal_sets__full
t1dwj55p,run-20260404_181507-t1dwj55p,chameleon,random_set,GAT,128,2,0.06258498087431422,0.04041391273210109,-1,False,full,False,False,False,0.5886486768722534,0.5883386135101318,0.08927732706069946,,0.372488409280777,0.5868970155715942,0.4063926935195923,0.8025466203689575,0.3695652186870575,0.8015599846839905,54.0,3,full_power_set,7,standard_focal_sets__full
9toqqz8z,run-20260404_181547-9toqqz8z,chameleon,random_set,GAT,256,3,0.06549629036366654,0.026729511977823403,-1,False,full,False,False,False,0.5659806132316589,0.5658048987388611,0.046147044748067856,,0.372488409280777,0.5635445713996887,0.4063926935195923,0.8122676014900208,0.3695652186870575,0.7997081279754639,65.0,3,full_power_set,7,standard_focal_sets__full
5tsmfdlq,run-20260404_181614-5tsmfdlq,chameleon,random_set,GAT,256,2,0.03486782097807776,0.05173607313909281,-1,False,full,False,False,False,0.6074793338775635,0.6070775389671326,0.11970223486423492,,0.372488409280777,0.6061307191848755,0.4063926935195923,0.7410362362861633,0.3695652186870575,0.7102053165435791,54.0,3,full_power_set,7,standard_focal_sets__full
usmjxz05,run-20260404_181649-usmjxz05,chameleon,random_set,GAT,128,2,0.03389382577269698,0.028134637152824302,-1,False,full,False,False,False,0.5648394227027893,0.5646696090698242,0.04471113905310631,,0.372488409280777,0.5620905756950378,0.4063926935195923,0.839605987071991,0.3695652186870575,0.8264794945716858,54.0,3,full_power_set,7,standard_focal_sets__full
ix81mzbb,run-20260404_181717-ix81mzbb,chameleon,random_set,GAT,256,2,0.040844466901976365,0.02941976946750926,-1,False,full,False,False,False,0.5673521161079407,0.5671660900115967,0.04917125776410103,,0.372488409280777,0.5646670460700989,0.4063926935195923,0.840276837348938,0.3695652186870575,0.8275764584541321,56.0,3,full_power_set,7,standard_focal_sets__full
9wwospfs,run-20260404_181803-9wwospfs,chameleon,random_set,GAT,256,3,0.07748712230555058,0.02878739647140469,-1,False,full,False,False,False,0.5672077536582947,0.5670233964920044,0.04984075948596001,,0.372488409280777,0.5649978518486023,0.4063926935195923,0.8267351388931274,0.3695652186870575,0.7954207062721252,71.0,3,full_power_set,7,standard_focal_sets__full
g8p2w99v,run-20260404_181840-g8p2w99v,chameleon,random_set,GAT,256,2,0.06984173753788525,0.023529419612998988,-1,False,full,False,False,False,0.5597400665283203,0.5596029758453369,0.03532605618238449,,0.372488409280777,0.556979238986969,0.4063926935195923,0.839480459690094,0.3695652186870575,0.8269323706626892,73.0,3,full_power_set,7,standard_focal_sets__full
pg3v1lbp,run-20260404_181954-pg3v1lbp,chameleon,random_set,GAT,256,2,0.05736087552208217,0.023064995443622425,-1,False,full,False,False,False,0.5587360262870789,0.5586049556732178,0.033810295164585114,,0.372488409280777,0.5559675693511963,0.4063926935195923,0.8360205292701721,0.3695652186870575,0.8225643634796143,60.0,3,full_power_set,7,standard_focal_sets__full
wjiyarla,run-20260404_182052-wjiyarla,chameleon,random_set,GAT,256,2,0.026332901998313972,0.0574380051724195,-1,False,full,False,False,False,0.6144217848777771,0.6139895915985107,0.12842392921447754,,0.372488409280777,0.6132599115371704,0.4063926935195923,0.5045661926269531,0.3695652186870575,0.5008453726768494,55.0,3,full_power_set,7,standard_focal_sets__full
44l9c35f,run-20260404_182118-44l9c35f,chameleon,random_set,GAT,256,3,0.04220413877845886,0.020367855391959237,-1,False,full,False,False,False,0.5589135885238647,0.5587875247001648,0.031922727823257446,,0.372488409280777,0.5561143755912781,0.4063926935195923,0.8260446190834045,0.3695652186870575,0.811815619468689,57.0,3,full_power_set,7,standard_focal_sets__full
dqic8gde,run-20260404_182141-dqic8gde,chameleon,random_set,GAT,256,2,0.019310816566800483,0.03152193078455918,-1,False,full,False,False,False,0.5689760446548462,0.5687794089317322,0.05282816290855408,,0.372488409280777,0.5664256811141968,0.4063926935195923,0.839841365814209,0.3695652186870575,0.8279488682746887,55.0,3,full_power_set,7,standard_focal_sets__full
itia3vk0,run-20260404_182207-itia3vk0,chameleon,random_set,GAT,128,3,0.09300504061672676,0.011992962700274454,-1,False,full,False,False,False,0.548905074596405,0.54884934425354,0.014427365735173225,,0.372488409280777,0.5453284382820129,0.4063926935195923,0.8265036344528198,0.3695652186870575,0.8144525289535522,71.0,3,full_power_set,7,standard_focal_sets__full
epry0wk3,run-20260404_182233-epry0wk3,chameleon,random_set,GAT,256,3,0.07862955553682933,0.03252754802826806,-1,False,full,False,False,False,0.5731528997421265,0.5729309320449829,0.05910225212574005,,0.372488409280777,0.5708787441253662,0.4063926935195923,0.7473912835121155,0.3695652186870575,0.7101247310638428,66.0,3,full_power_set,7,standard_focal_sets__full
1bulho52,run-20260404_182301-1bulho52,chameleon,random_set,GAT,256,3,0.09417339060243402,0.010476310595586251,-1,False,full,False,False,False,3.7445366382598877,3.7445271015167236,0.009521964937448502,,0.3786707818508148,2.8356869220733643,0.34018266201019287,0.4127085506916046,0.3333333432674408,0.3904891610145569,51.0,3,full_power_set,7,standard_focal_sets__full
flkag4hm,run-20260404_182322-flkag4hm,chameleon,random_set,GAT,128,2,0.0910589685533829,0.01585412815273183,-1,False,full,False,False,False,0.5404608249664307,0.5403634905815125,0.03168917074799538,,0.372488409280777,0.5408448576927185,0.4063926935195923,0.7969566583633423,0.3695652186870575,0.7820450067520142,71.0,3,full_power_set,7,standard_focal_sets__full
q9phpx9o,run-20260404_182339-q9phpx9o,chameleon,random_set,GAT,256,3,0.07030023539989283,0.023711040770500475,-1,False,full,False,False,False,0.5600781440734863,0.5599431395530701,0.03436814993619919,,0.372488409280777,0.5572678446769714,0.4063926935195923,0.835655689239502,0.3695652186870575,0.8199476599693298,70.0,3,full_power_set,7,standard_focal_sets__full
sjbl5du8,run-20260404_182406-sjbl5du8,chameleon,random_set,GAT,256,2,0.041860803931354794,0.045968423529917694,-1,False,full,False,False,False,0.5976502895355225,0.5972947478294373,0.10351552069187164,,0.372488409280777,0.5956562757492065,0.4063926935195923,0.7142235636711121,0.3695652186870575,0.7029186487197876,53.0,3,full_power_set,7,standard_focal_sets__full
ceikcg5p,run-20260404_182427-ceikcg5p,chameleon,random_set,GAT,256,3,0.05882095436691937,0.020783681454068247,-1,False,full,False,False,False,0.5578222274780273,0.557704508304596,0.028614286333322525,,0.372488409280777,0.5549860000610352,0.4063926935195923,0.8414889574050903,0.3695652186870575,0.8251912593841553,56.0,3,full_power_set,7,standard_focal_sets__full
bgnngk0u,run-20260404_182449-bgnngk0u,chameleon,random_set,GAT,256,2,0.09947674891979008,0.03722805318392846,-1,False,full,False,False,False,0.579680860042572,0.5794200897216797,0.07282598316669464,,0.372488409280777,0.5774382948875427,0.4063926935195923,0.8385311365127563,0.3695652186870575,0.8261674642562866,83.0,3,full_power_set,7,standard_focal_sets__full
2yux9pil,run-20260404_182520-2yux9pil,chameleon,random_set,GAT,256,2,0.024314568717543616,0.004348143975223135,-1,False,full,False,False,False,0.16628111898899078,0.16624142229557037,0.023485369980335236,,0.8964451551437378,0.6542961597442627,0.5,0.467314749956131,0.5760869383811951,0.46583130955696106,60.0,3,full_power_set,7,standard_focal_sets__full
9bwkwn8d,run-20260404_182547-9bwkwn8d,chameleon,random_set,GAT,256,2,0.01848057256326317,0.03973619371345938,-1,False,full,False,False,False,0.5840272307395935,0.583742082118988,0.07892069965600967,,0.372488409280777,0.582065999507904,0.4063926935195923,0.8388568162918091,0.3695652186870575,0.8243357539176941,56.0,3,full_power_set,7,standard_focal_sets__full
51lozrku,run-20260404_182623-51lozrku,chameleon,random_set,GAT,256,2,0.05039030133102574,0.02013982439604451,-1,False,full,False,False,False,0.5558943152427673,0.555778443813324,0.030822696164250374,,0.372488409280777,0.5525288581848145,0.4063926935195923,0.8369580507278442,0.3695652186870575,0.8252818584442139,61.0,3,full_power_set,7,standard_focal_sets__full
dqw3npwk,run-20260404_182656-dqw3npwk,chameleon,random_set,GAT,256,2,0.058225717573217754,0.02869145401811797,-1,False,full,False,False,False,0.5664352178573608,0.5662552118301392,0.047041162848472595,,0.372488409280777,0.5633760094642639,0.4063926935195923,0.8396687507629395,0.3695652186870575,0.8253824710845947,61.0,3,full_power_set,7,standard_focal_sets__full
q6rd7xnr,run-20260404_182718-q6rd7xnr,chameleon,random_set,GAT,256,2,0.09833269312878236,0.019877333455072997,-1,False,full,False,False,False,0.5454854965209961,0.5453885197639465,0.0205236729234457,,0.372488409280777,0.5519402027130127,0.4383561611175537,0.8084897994995117,0.39855071902275085,0.8103965520858765,94.0,3,full_power_set,7,standard_focal_sets__full
tdyd3wdg,run-20260404_182744-tdyd3wdg,chameleon,random_set,GAT,256,2,0.07120310374022265,0.03004382546679192,-1,False,full,False,False,False,0.5678484439849854,0.5676590204238892,0.050196681171655655,,0.372488409280777,0.5651270151138306,0.4063926935195923,0.8392843008041382,0.3695652186870575,0.8262580633163452,72.0,3,full_power_set,7,standard_focal_sets__full
wzo6hu6i,run-20260404_182806-wzo6hu6i,chameleon,random_set,GAT,256,2,0.09113910850120134,0.024965467590265415,-1,False,full,False,False,False,0.5600011944770813,0.5598588585853577,0.03680214285850525,,0.372488409280777,0.5573980212211609,0.4063926935195923,0.8388763070106506,0.3695652186870575,0.8260868787765503,68.0,3,full_power_set,7,standard_focal_sets__full
1hlj2ind,run-20260404_182900-1hlj2ind,chameleon,random_set,GAT,256,3,0.09353841050311831,0.019761739069717208,-1,False,full,False,False,False,0.5549502372741699,0.5548522472381592,0.022928209975361824,,0.372488409280777,0.5520032644271851,0.4063926935195923,0.8360518217086792,0.3695652186870575,0.822564423084259,86.0,3,full_power_set,7,standard_focal_sets__full
6vswnts9,run-20260404_182941-6vswnts9,chameleon,random_set,GAT,256,2,0.0915840787664602,0.043330497503404425,-1,False,full,False,False,False,0.5928899049758911,0.5925583243370056,0.09611696749925613,,0.372488409280777,0.5905742645263672,0.4063926935195923,0.7747297286987305,0.3695652186870575,0.7906501293182373,72.0,3,full_power_set,7,standard_focal_sets__full
jvq6uodb,run-20260404_183003-jvq6uodb,chameleon,random_set,GAT,256,2,0.05035216199965245,0.021195310040536795,-1,False,full,False,False,False,0.5569664239883423,0.556845486164093,0.032255470752716064,,0.372488409280777,0.5539327263832092,0.4063926935195923,0.8391351699829102,0.3695652186870575,0.8260667324066162,61.0,3,full_power_set,7,standard_focal_sets__full
3gi4hh81,run-20260404_183050-3gi4hh81,chameleon,random_set,GAT,128,3,0.061309848172684416,0.03982334856457203,-1,False,full,False,False,False,0.5872824788093567,0.5869798064231873,0.08635877817869186,,0.372488409280777,0.5855147838592529,0.4063926935195923,0.6091536283493042,0.3695652186870575,0.582608699798584,53.0,3,full_power_set,7,standard_focal_sets__full
uunzxw0q,run-20260404_183130-uunzxw0q,chameleon,random_set,GAT,128,2,0.06662211121494467,0.03736570896721387,-1,False,full,False,False,False,0.584140419960022,0.5838543176651001,0.08154772967100143,,0.372488409280777,0.5820298790931702,0.4063926935195923,0.8389038443565369,0.3695652186870575,0.819031834602356,54.0,3,full_power_set,7,standard_focal_sets__full
fcb0sz09,run-20260404_183215-fcb0sz09,chameleon,random_set,GAT,256,3,0.030294332130187035,0.02779724237242347,-1,False,full,False,False,False,0.5688202977180481,0.568625807762146,0.05192062631249428,,0.372488409280777,0.5663232803344727,0.4063926935195923,0.7927865982055664,0.3695652186870575,0.7669786214828491,58.0,3,full_power_set,7,standard_focal_sets__full
03u6y92c,run-20260404_183237-03u6y92c,chameleon,random_set,GAT,128,2,0.08360042780155824,0.0111878744842827,-1,False,full,False,False,False,0.27217966318130493,0.27210894227027893,0.02431134693324566,,0.8361669182777405,0.49136555194854736,0.534246563911438,0.5141379833221436,0.5797101259231567,0.5088667869567871,104.0,3,full_power_set,7,standard_focal_sets__full
bhaiyjlu,run-20260404_183258-bhaiyjlu,chameleon,random_set,GAT,256,2,0.09340168299677402,0.024731314697059786,-1,False,full,False,False,False,0.5612197518348694,0.5610737800598145,0.037810713052749634,,0.372488409280777,0.5584432482719421,0.4063926935195923,0.83995121717453,0.3695652186870575,0.8269121646881104,96.0,3,full_power_set,7,standard_focal_sets__full
hjkudn2f,run-20260404_183325-hjkudn2f,chameleon,random_set,GAT,256,2,0.04908811547601724,0.01907438804254171,-1,False,full,False,False,False,0.5547406673431396,0.554631233215332,0.028730634599924088,,0.372488409280777,0.5514691472053528,0.4063926935195923,0.8375778794288635,0.3695652186870575,0.8241042494773865,61.0,3,full_power_set,7,standard_focal_sets__full
nlmcw3yl,run-20260404_183346-nlmcw3yl,chameleon,random_set,GAT,256,2,0.05422976819107392,0.021501937441068545,-1,False,full,False,False,False,0.5572491884231567,0.5571267604827881,0.031821589916944504,,0.372488409280777,0.5543365478515625,0.4063926935195923,0.8388057947158813,0.3695652186870575,0.8249094486236572,66.0,3,full_power_set,7,standard_focal_sets__full
rpp0iomf,run-20260404_183408-rpp0iomf,chameleon,random_set,GAT,256,2,0.07260143947684002,0.028533398512878335,-1,False,full,False,False,False,0.5659594535827637,0.5657815933227539,0.04792260006070137,,0.372488409280777,0.5632627010345459,0.4063926935195923,0.841445803642273,0.3695652186870575,0.8276469111442566,72.0,3,full_power_set,7,standard_focal_sets__full
h30bgrdp,run-20260404_183429-h30bgrdp,chameleon,random_set,GAT,256,2,0.023742744154661967,0.026396857081155325,-1,False,full,False,False,False,0.5627917647361755,0.562635064125061,0.040904223918914795,,0.372488409280777,0.5599653720855713,0.4063926935195923,0.8405239582061768,0.3695652186870575,0.8261976838111877,58.0,3,full_power_set,7,standard_focal_sets__full
9wii0vfx,run-20260404_183451-9wii0vfx,chameleon,random_set,GAT,256,2,0.013882831343730178,0.035773704228413666,-1,False,full,False,False,False,0.5746484994888306,0.5744171142578125,0.06083155795931816,,0.372488409280777,0.5722922682762146,0.4063926935195923,0.8391352295875549,0.3695652186870575,0.8251711130142212,57.0,3,full_power_set,7,standard_focal_sets__full
u76r154v,run-20260404_183517-u76r154v,chameleon,random_set,GAT,64,2,0.09384773390973064,0.03826354865757023,-1,False,full,False,False,False,0.585452675819397,0.5851601362228394,0.08284684270620346,,0.372488409280777,0.5833819508552551,0.4063926935195923,0.8214549422264099,0.3695652186870575,0.7834439873695374,54.0,3,full_power_set,7,standard_focal_sets__full
ll998and,run-20260404_183538-ll998and,chameleon,random_set,GAT,256,2,0.04273312818237063,0.0315883347403845,-1,False,full,False,False,False,0.57093346118927,0.5707245469093323,0.057005979120731354,,0.372488409280777,0.568280041217804,0.4063926935195923,0.8391392230987549,0.3695652186870575,0.8277173638343811,55.0,3,full_power_set,7,standard_focal_sets__full
xhn0v27l,run-20260404_183556-xhn0v27l,chameleon,random_set,GAT,256,3,0.06655789925432112,0.02287835854623433,-1,False,full,False,False,False,0.5604336261749268,0.5602962970733643,0.034985676407814026,,0.372488409280777,0.5576892495155334,0.4063926935195923,0.836773693561554,0.3695652186870575,0.8180757164955139,67.0,3,full_power_set,7,standard_focal_sets__full
jlsbgtaq,run-20260404_183622-jlsbgtaq,chameleon,random_set,GAT,256,3,0.03695664749380924,0.024584517617165645,-1,False,full,False,False,False,0.5643846392631531,0.5642197132110596,0.04288867115974426,,0.372488409280777,0.5616377592086792,0.4063926935195923,0.8246323466300964,0.3695652186870575,0.7965176701545715,55.0,3,full_power_set,7,standard_focal_sets__full
5tl8y0iu,run-20260404_183712-5tl8y0iu,chameleon,random_set,GAT,256,2,0.09246453383160395,0.03107436475404926,-1,False,full,False,False,False,0.5681735873222351,0.5679818391799927,0.052587028592824936,,0.372488409280777,0.5660709142684937,0.4063926935195923,0.8361577987670898,0.3695652186870575,0.8230876922607422,71.0,3,full_power_set,7,standard_focal_sets__full
81vyt5jx,run-20260404_183734-81vyt5jx,chameleon,random_set,GAT,256,2,0.09102054760848226,0.04286305717030552,-1,False,full,False,False,False,0.5907991528511047,0.5904780626296997,0.09120190888643265,,0.372488409280777,0.5888519287109375,0.4063926935195923,0.8395510315895081,0.3695652186870575,0.8234400749206543,72.0,3,full_power_set,7,standard_focal_sets__full
vngwbwqd,run-20260404_183756-vngwbwqd,chameleon,random_set,GAT,64,3,0.0637463708865439,0.03453888436048914,-1,False,full,False,False,False,0.5803192853927612,0.580054759979248,0.0738927572965622,,0.372488409280777,0.5781636238098145,0.4063926935195923,0.496681272983551,0.3695652186870575,0.47137680649757385,54.0,3,full_power_set,7,standard_focal_sets__full
frvjz4oq,run-20260404_183813-frvjz4oq,chameleon,random_set,GAT,128,3,0.09598221913021264,0.025101598154176577,-1,False,full,False,False,False,0.5627226829528809,0.5625698566436768,0.03788607195019722,,0.372488409280777,0.559998095035553,0.4063926935195923,0.8223728537559509,0.3695652186870575,0.8216385245323181,55.0,3,full_power_set,7,standard_focal_sets__full
mdv9t5z1,run-20260404_183829-mdv9t5z1,chameleon,random_set,GAT,64,2,0.021630414639788872,0.0906902376630907,-1,False,full,False,False,False,0.6345087885856628,0.6339939832687378,0.15372374653816223,,0.372488409280777,0.6335633397102356,0.4063926935195923,0.5,0.3695652186870575,0.5,94.0,3,full_power_set,7,standard_focal_sets__full
i6c5y7md,run-20260404_183855-i6c5y7md,chameleon,random_set,GAT,256,2,0.01328276517642253,0.007400507211727169,-1,False,full,False,False,False,0.20211267471313477,0.20206201076507568,0.023318707942962646,,0.885625958442688,0.5526147484779358,0.5547945499420166,0.5114233493804932,0.6050724387168884,0.5533514022827148,59.0,3,full_power_set,7,standard_focal_sets__full
l6ang2jn,run-20260404_183939-l6ang2jn,chameleon,random_set,GAT,256,2,0.05069524217017749,0.03246601010420329,-1,False,full,False,False,False,0.5717806816101074,0.5715667605400085,0.05842883139848709,,0.372488409280777,0.5698444247245789,0.4063926935195923,0.837405264377594,0.3695652186870575,0.8222323060035706,58.0,3,full_power_set,7,standard_focal_sets__full
9hl6jelr,run-20260404_184001-9hl6jelr,chameleon,random_set,GAT,128,2,0.02140617139288112,0.06589299439627463,-1,False,full,False,False,False,0.6209785342216492,0.620518684387207,0.13828754425048828,,0.372488409280777,0.6198241114616394,0.4063926935195923,0.5,0.3695652186870575,0.5,60.0,3,full_power_set,7,standard_focal_sets__full
sj3ml0xv,run-20260404_184017-sj3ml0xv,chameleon,random_set,GAT,128,2,0.034973921770546874,0.04624929050327555,-1,False,full,False,False,False,0.5979615449905396,0.5976044535636902,0.10473065078258514,,0.372488409280777,0.5964194536209106,0.4063926935195923,0.6031987071037292,0.3695652186870575,0.6001207828521729,55.0,3,full_power_set,7,standard_focal_sets__full
h2i0usdq,run-20260404_184117-h2i0usdq,chameleon,random_set,GAT,256,2,0.08518749757887094,0.042546287167938686,-1,False,full,False,False,False,0.5901049971580505,0.5897873044013977,0.09190184623003006,,0.372488409280777,0.5887018442153931,0.4063926935195923,0.8230867981910706,0.3695652186870575,0.8074879050254822,72.0,3,full_power_set,7,standard_focal_sets__full
2m1xzict,run-20260404_184139-2m1xzict,chameleon,random_set,GAT,256,2,0.08073637486951023,0.030475146493378083,-1,False,full,False,False,False,0.5687297582626343,0.5685345530509949,0.05164099112153053,,0.372488409280777,0.5662634372711182,0.4063926935195923,0.8413790464401245,0.3695652186870575,0.826791524887085,73.0,3,full_power_set,7,standard_focal_sets__full
re5ciahu,run-20260404_184200-re5ciahu,chameleon,random_set,GAT,256,2,0.0907900865423476,0.01991184960286821,-1,False,full,False,False,False,0.5555726289749146,0.5554590821266174,0.03293861821293831,,0.372488409280777,0.5525802373886108,0.4063926935195923,0.8383035659790039,0.3695652186870575,0.8236311674118042,101.0,3,full_power_set,7,standard_focal_sets__full
hqdr658j,run-20260404_184227-hqdr658j,chameleon,random_set,GAT,128,3,0.03174405569828346,0.07826168229013503,-1,False,full,False,False,False,0.6294317841529846,0.6289359927177429,0.14638473093509674,,0.372488409280777,0.6285343170166016,0.4063926935195923,0.5,0.3695652186870575,0.5,57.0,3,full_power_set,7,standard_focal_sets__full
p1rkw8ic,run-20260404_184243-p1rkw8ic,chameleon,random_set,GAT,256,2,0.07335041931996694,0.03506758257283722,-1,False,full,False,False,False,0.5766506791114807,0.576407253742218,0.0675068274140358,,0.372488409280777,0.5746068358421326,0.4063926935195923,0.8406612873077393,0.3695652186870575,0.8256441354751587,72.0,3,full_power_set,7,standard_focal_sets__full
v7j9wpx6,run-20260404_184305-v7j9wpx6,chameleon,random_set,GAT,128,2,0.09811642698641486,0.041063697290897365,-1,False,full,False,False,False,0.590179979801178,0.5898622870445251,0.09302529692649841,,0.372488409280777,0.5882168412208557,0.4063926935195923,0.8337216973304749,0.3695652186870575,0.8302636742591858,55.0,3,full_power_set,7,standard_focal_sets__full
9vphd35n,run-20260404_184321-9vphd35n,chameleon,random_set,GAT,256,2,0.012139393702239196,0.08866450127599804,-1,False,full,False,False,False,0.6336936950683594,0.6331821084022522,0.15275362133979797,,0.372488409280777,0.6327669620513916,0.4063926935195923,0.5,0.3695652186870575,0.5,139.0,3,full_power_set,7,standard_focal_sets__full
1etwiwmx,run-20260404_184358-1etwiwmx,chameleon,random_set,GAT,64,2,0.047272038718999466,0.051196728857567174,-1,False,full,False,False,False,0.6064600348472595,0.6060621738433838,0.11726944893598557,,0.372488409280777,0.6048679351806641,0.4063926935195923,0.5626323819160461,0.3695652186870575,0.5253421664237976,56.0,3,full_power_set,7,standard_focal_sets__full
11w70zw8,run-20260404_184414-11w70zw8,chameleon,random_set,GAT,128,2,0.05536806730592543,0.03554830164770093,-1,False,full,False,False,False,0.5804106593132019,0.5801454186439514,0.074382483959198,,0.372488409280777,0.5782045125961304,0.4063926935195923,0.8368717432022095,0.3695652186870575,0.8156098127365112,53.0,3,full_power_set,7,standard_focal_sets__full
iqiwtvkt,run-20260404_184430-iqiwtvkt,chameleon,random_set,GAT,128,3,0.04876759867485351,0.09821560703101297,-1,False,full,False,False,False,0.6379028558731079,0.6373748779296875,0.1574239879846573,,0.372488409280777,0.6370558142662048,0.4063926935195923,0.5,0.3695652186870575,0.5,74.0,3,full_power_set,7,standard_focal_sets__full
yvmksmc6,run-20260404_184452-yvmksmc6,chameleon,random_set,GAT,128,2,0.08436484570373616,0.02222877445444513,-1,False,full,False,False,False,0.5583945512771606,0.5582664012908936,0.031964559108018875,,0.372488409280777,0.5554465651512146,0.4063926935195923,0.8404455184936523,0.3695652186870575,0.8265700340270996,73.0,3,full_power_set,7,standard_focal_sets__full
k2tmo0gv,run-20260404_184517-k2tmo0gv,chameleon,random_set,GAT,64,2,0.048127489150469126,0.023371097358079827,-1,False,full,False,False,False,0.5593072175979614,0.559173583984375,0.03408893570303917,,0.372488409280777,0.5565463900566101,0.4063926935195923,0.8394019603729248,0.3695652186870575,0.8257447481155396,59.0,3,full_power_set,7,standard_focal_sets__full
sj7j4x5g,run-20260404_184529-sj7j4x5g,chameleon,random_set,GAT,128,3,0.0065601146255297536,0.08195485006870702,-1,False,full,False,False,False,0.6309555172920227,0.6304545402526855,0.14925996959209442,,0.372488409280777,0.6299657821655273,0.4063926935195923,0.5,0.3695652186870575,0.5,200.0,3,full_power_set,7,standard_focal_sets__full
usloupzw,run-20260404_184612-usloupzw,chameleon,random_set,GAT,256,2,0.0799167095700663,0.02834016133810973,-1,False,full,False,False,False,0.5657361149787903,0.565560519695282,0.04624315723776817,,0.372488409280777,0.5631370544433594,0.4063926935195923,0.8411555290222168,0.3695652186870575,0.8268921375274658,73.0,3,full_power_set,7,standard_focal_sets__full
fcigzatq,run-20260404_184633-fcigzatq,chameleon,random_set,GAT,64,2,0.020533166955479916,0.0012347841006165089,-1,False,full,False,False,False,0.05040358752012253,0.0503925196826458,0.008181560784578323,,0.973724901676178,1.0311529636383057,0.5045661926269531,0.4577311873435974,0.5144927501678467,0.4437902569770813,56.0,3,full_power_set,7,standard_focal_sets__full
mg5rq7r9,run-20260404_184649-mg5rq7r9,chameleon,random_set,GAT,256,2,0.0847666295534468,0.0314441933133274,-1,False,full,False,False,False,0.5701708197593689,0.5699676275253296,0.053009841591119766,,0.372488409280777,0.5679680705070496,0.4063926935195923,0.8411869406700134,0.3695652186870575,0.8277878165245056,72.0,3,full_power_set,7,standard_focal_sets__full
b5ac3zst,run-20260404_184710-b5ac3zst,chameleon,random_set,GAT,128,3,0.09866597241408132,0.07782306898469066,-1,False,full,False,False,False,0.6292540431022644,0.628759503364563,0.14664047956466675,,0.372488409280777,0.6281394362449646,0.4063926935195923,0.5,0.3695652186870575,0.5,54.0,3,full_power_set,7,standard_focal_sets__full
b3n5c38i,run-20260404_184727-b3n5c38i,chameleon,random_set,GAT,256,2,0.06900357311852134,0.0015343360616402563,-1,False,full,False,False,False,0.27363571524620056,0.27360424399375916,0.02831774204969406,,0.8717156052589417,0.9888607263565063,0.5136986374855042,0.5963846445083618,0.5,0.5792974829673767,55.0,3,full_power_set,7,standard_focal_sets__full
82o56tqg,run-20260404_184752-82o56tqg,chameleon,random_set,GAT,64,2,0.08281113647947752,0.07595235654109307,-1,False,full,False,False,False,0.6271339654922485,0.6266487240791321,0.1470048874616623,,0.372488409280777,0.626354455947876,0.4063926935195923,0.6092242002487183,0.3695652186870575,0.5989130735397339,56.0,3,full_power_set,7,standard_focal_sets__full
lwewfyg3,run-20260404_184809-lwewfyg3,chameleon,random_set,GAT,128,2,0.09899433954292104,0.0996636440832956,-1,False,full,False,False,False,0.6384769678115845,0.6379467248916626,0.15774856507778168,,0.372488409280777,0.6374304294586182,0.4063926935195923,0.6053406000137329,0.3695652186870575,0.5926328301429749,55.0,3,full_power_set,7,standard_focal_sets__full
z8l7caa2,run-20260404_184826-z8l7caa2,chameleon,random_set,GAT,256,2,0.09031841013990297,0.03978025523598977,-1,False,full,False,False,False,0.5859619379043579,0.5856661200523376,0.0831414982676506,,0.372488409280777,0.5839402079582214,0.4063926935195923,0.8399865031242371,0.3695652186870575,0.8234098553657532,72.0,3,full_power_set,7,standard_focal_sets__full
lhn2rrf8,run-20260404_184847-lhn2rrf8,chameleon,random_set,GAT,256,3,0.014365245410073248,0.0688574806083197,-1,False,full,False,False,False,0.6286398768424988,0.628146231174469,0.14157092571258545,,0.372488409280777,0.6272892355918884,0.4063926935195923,0.5,0.3695652186870575,0.5,59.0,3,full_power_set,7,standard_focal_sets__full
1zw8l8rb,run-20260404_184909-1zw8l8rb,chameleon,random_set,GAT,64,3,0.004312750465388396,0.021842943366272367,-1,False,full,False,False,False,0.5571421980857849,0.5570309162139893,0.02386591024696827,,0.372488409280777,0.5540592074394226,0.4063926935195923,0.8380564451217651,0.3695652186870575,0.82201087474823,92.0,3,full_power_set,7,standard_focal_sets__full
hspdfo3u,run-20260404_184935-hspdfo3u,chameleon,random_set,GAT,256,3,0.0744890715241057,0.02380562683166656,-1,False,full,False,False,False,0.5603727102279663,0.5602352619171143,0.035404495894908905,,0.372488409280777,0.5575406551361084,0.4063926935195923,0.8365775346755981,0.3695652186870575,0.8183977007865906,68.0,3,full_power_set,7,standard_focal_sets__full
fuiswam6,run-20260404_185007-fuiswam6,chameleon,random_set,GAT,64,2,0.09432666800802922,0.04613577942895837,-1,False,full,False,False,False,0.5981990694999695,0.5978403091430664,0.10441162437200546,,0.372488409280777,0.5965734124183655,0.4063926935195923,0.729197084903717,0.3695652186870575,0.7608394026756287,54.0,3,full_power_set,7,standard_focal_sets__full
wtn5iq4l,run-20260404_185019-wtn5iq4l,chameleon,random_set,GAT,256,2,0.09152753759110396,0.026194352842760543,-1,False,full,False,False,False,0.5631093978881836,0.5629510283470154,0.0415278784930706,,0.372488409280777,0.5604289770126343,0.4063926935195923,0.8394294381141663,0.3695652186870575,0.8270430564880371,83.0,3,full_power_set,7,standard_focal_sets__full
1l9hg4t3,run-20260404_185045-1l9hg4t3,chameleon,random_set,GAT,64,2,0.09609943024133172,0.029435107414098827,-1,False,full,False,False,False,0.566201388835907,0.5660219788551331,0.04747546836733818,,0.372488409280777,0.5639219880104065,0.4063926935195923,0.8389077186584473,0.3695652186870575,0.8220410346984863,53.0,3,full_power_set,7,standard_focal_sets__full
oaftd92g,run-20260404_185103-oaftd92g,chameleon,random_set,GAT,128,2,0.010119170712594676,0.04556514313874432,-1,False,full,False,False,False,0.5908540487289429,0.5905318856239319,0.08526988327503204,,0.372488409280777,0.5891314148902893,0.4063926935195923,0.840602457523346,0.3695652186870575,0.8248993754386902,64.0,3,full_power_set,7,standard_focal_sets__full
a9k3387m,run-20260404_185124-a9k3387m,chameleon,random_set,GAT,128,3,0.07149845996048926,0.006668353311077853,-1,False,full,False,False,False,0.20829199254512787,0.2082451432943344,0.020285123959183693,,0.8639876246452332,0.6193253397941589,0.5045661926269531,0.5050526261329651,0.5398550629615784,0.47791868448257446,87.0,3,full_power_set,7,standard_focal_sets__full
nvxpk5ul,run-20260404_185151-nvxpk5ul,chameleon,random_set,GAT,128,3,0.014066327055380362,0.015222832403622832,-1,False,full,False,False,False,0.5521901845932007,0.5521141290664673,0.016348883509635925,,0.372488409280777,0.5488079190254211,0.4063926935195923,0.8372562527656555,0.3695652186870575,0.8204710483551025,62.0,3,full_power_set,7,standard_focal_sets__full
xakhqhws,run-20260404_185207-xakhqhws,chameleon,random_set,GAT,128,3,0.04299775673634265,0.05961936216620924,-1,False,full,False,False,False,0.6193024516105652,0.6188488602638245,0.13440780341625214,,0.372488409280777,0.6182010173797607,0.4063926935195923,0.5,0.3695652186870575,0.5,55.0,3,full_power_set,7,standard_focal_sets__full
90rc6e99,run-20260404_185223-90rc6e99,chameleon,random_set,GAT,64,3,0.08483406436490024,0.04373190916670154,-1,False,full,False,False,False,0.5934894680976868,0.5931540131568909,0.09577155858278275,,0.372488409280777,0.5920870900154114,0.4063926935195923,0.5,0.3695652186870575,0.5,54.0,3,full_power_set,7,standard_focal_sets__full
e3hes1hn,run-20260404_185240-e3hes1hn,chameleon,random_set,GAT,256,2,0.02153624952370129,0.03712410701085596,-1,False,full,False,False,False,0.5792555809020996,0.578997015953064,0.07215936481952667,,0.372488409280777,0.5772364735603333,0.4063926935195923,0.8407554030418396,0.3695652186870575,0.8250704407691956,55.0,3,full_power_set,7,standard_focal_sets__full
dsst0hri,run-20260404_185306-dsst0hri,chameleon,random_set,GAT,256,2,0.09779851912659288,0.0941843477051526,-1,False,full,False,False,False,0.6363652348518372,0.6358448266983032,0.15442097187042236,,0.372488409280777,0.6359670162200928,0.4063926935195923,0.4354885518550873,0.3695652186870575,0.4384661912918091,52.0,3,full_power_set,7,standard_focal_sets__full
4rhg07xv,run-20260404_185323-4rhg07xv,chameleon,random_set,GAT,128,2,0.07814240507502951,0.002615106607593826,-1,False,full,False,False,False,0.2104487419128418,0.2104109674692154,0.02624897100031376,,0.8732612133026123,0.6778743267059326,0.48630136251449585,0.4320952594280243,0.5724637508392334,0.43105876445770264,65.0,3,full_power_set,7,standard_focal_sets__full
llq4qcdh,run-20260404_185340-llq4qcdh,chameleon,random_set,GAT,256,3,0.00844094047539221,0.017115871612191913,-1,False,full,False,False,False,0.5534655451774597,0.5533798336982727,0.0191708542406559,,0.372488409280777,0.5501558780670166,0.4063926935195923,0.8365304470062256,0.3695652186870575,0.8211051225662231,64.0,3,full_power_set,7,standard_focal_sets__full
nde96e0c,run-20260404_185411-nde96e0c,chameleon,random_set,GAT,256,2,0.09000273333922461,0.047390962460217456,-1,False,full,False,False,False,0.5987042188644409,0.5983436703681946,0.10700062662363052,,0.372488409280777,0.5971461534500122,0.4063926935195923,0.6541292071342468,0.3695652186870575,0.6524356007575989,72.0,3,full_power_set,7,standard_focal_sets__full
l4dqaq26,run-20260404_185433-l4dqaq26,chameleon,random_set,GAT,64,3,0.010984723723533967,0.02506282754969823,-1,False,full,False,False,False,0.5625078082084656,0.5623578429222107,0.03500453755259514,,0.372488409280777,0.5596939921379089,0.4063926935195923,0.8373463749885559,0.3695652186870575,0.8190418481826782,65.0,3,full_power_set,7,standard_focal_sets__full
11u7f40m,run-20260404_185449-11u7f40m,chameleon,random_set,GAT,256,2,0.04350546172449772,0.034403941037855774,-1,False,full,False,False,False,0.5772477984428406,0.5770007967948914,0.06871465593576431,,0.372488409280777,0.5748651623725891,0.4063926935195923,0.8405004143714905,0.3695652186870575,0.826600193977356,53.0,3,full_power_set,7,standard_focal_sets__full
27pyefmp,run-20260404_185515-27pyefmp,chameleon,random_set,GAT,256,2,0.03654022940167272,0.09223309603380546,-1,False,full,False,False,False,0.6367613077163696,0.6362375020980835,0.154985249042511,,0.372488409280777,0.6358805894851685,0.4063926935195923,0.5281504392623901,0.3695652186870575,0.5567632913589478,56.0,3,full_power_set,7,standard_focal_sets__full
d61c7um2,run-20260404_185542-d61c7um2,chameleon,random_set,GAT,64,2,0.08253276723953414,0.03453000297710879,-1,False,full,False,False,False,0.5752221941947937,0.5749874711036682,0.06479661166667938,,0.372488409280777,0.5732020735740662,0.4063926935195923,0.8349770307540894,0.3695652186870575,0.822966992855072,54.0,3,full_power_set,7,standard_focal_sets__full
ietk4g94,run-20260404_185554-ietk4g94,chameleon,random_set,GAT,64,2,0.02687695035375085,0.022097834946911032,-1,False,full,False,False,False,0.5578703880310059,0.5577451586723328,0.03211671859025955,,0.372488409280777,0.5550386905670166,0.4063926935195923,0.8397550582885742,0.3695652186870575,0.825805127620697,63.0,3,full_power_set,7,standard_focal_sets__full
5p1vvb1r,run-20260404_185610-5p1vvb1r,chameleon,random_set,GAT,256,2,0.05711426678101814,0.037744880179006464,-1,False,full,False,False,False,0.5828868746757507,0.5826078057289124,0.07935770601034164,,0.372488409280777,0.5808268785476685,0.4063926935195923,0.8276530504226685,0.3695652186870575,0.8219907283782959,58.0,3,full_power_set,7,standard_focal_sets__full
r00f7v1b,run-20260404_185636-r00f7v1b,chameleon,random_set,GAT,128,2,0.09053725137939592,0.03398551967486364,-1,False,full,False,False,False,0.5744854807853699,0.5742552876472473,0.06300090998411179,,0.372488409280777,0.5720880627632141,0.4063926935195923,0.8354986906051636,0.3695652186870575,0.8184480667114258,59.0,3,full_power_set,7,standard_focal_sets__full
1f046zzp,run-20260404_185653-1f046zzp,chameleon,random_set,GAT,256,3,0.021202567296887187,0.019428372520726055,-1,False,full,False,False,False,0.5578992366790771,0.5577815175056458,0.028097791597247124,,0.372488409280777,0.554921567440033,0.4063926935195923,0.8378093242645264,0.3695652186870575,0.8172202110290527,58.0,3,full_power_set,7,standard_focal_sets__full
xk5gk3fk,run-20260404_185715-xk5gk3fk,chameleon,random_set,GAT,256,3,0.08301261978351948,0.06391722757410079,-1,False,full,False,False,False,0.6198344826698303,0.6193788647651672,0.13484807312488556,,0.372488409280777,0.6186093688011169,0.4063926935195923,0.5,0.3695652186870575,0.5,52.0,3,full_power_set,7,standard_focal_sets__full
swe0vizk,run-20260404_185736-swe0vizk,chameleon,random_set,GAT,256,2,0.09997040712896409,0.08070703012954623,-1,False,full,False,False,False,0.6302531361579895,0.6297540664672852,0.14661653339862823,,0.372488409280777,0.6291199326515198,0.4063926935195923,0.7598503232002258,0.3695652186870575,0.7792874574661255,55.0,3,full_power_set,7,standard_focal_sets__full
8z940kbv,run-20260404_185802-8z940kbv,chameleon,random_set,GAT,256,3,0.008419694306192726,0.02302358519927069,-1,False,full,False,False,False,0.5603162050247192,0.5601810812950134,0.032347939908504486,,0.372488409280777,0.5574508905410767,0.4063926935195923,0.8385154008865356,0.3695652186870575,0.821880042552948,66.0,3,full_power_set,7,standard_focal_sets__full
frubojx2,run-20260404_185833-frubojx2,chameleon,random_set,GAT,64,2,0.03046238823163715,0.011766958656724296,-1,False,full,False,False,False,0.37709999084472656,0.3770172595977783,0.036545030772686005,,0.7063369154930115,0.513838529586792,0.4840182662010193,0.5376673340797424,0.5144927501678467,0.5396638512611389,64.0,3,full_power_set,7,standard_focal_sets__full
7fy4syxq,run-20260404_185855-7fy4syxq,chameleon,random_set,GAT,256,3,0.0441370424938408,0.016303996984723974,-1,False,full,False,False,False,0.5540367960929871,0.5539480447769165,0.020165657624602318,,0.372488409280777,0.5504069924354553,0.4063926935195923,0.8346121907234192,0.3695652186870575,0.8201489448547363,58.0,3,full_power_set,7,standard_focal_sets__full
sxzhs2nf,run-20260404_185918-sxzhs2nf,chameleon,random_set,GAT,64,2,0.050636835163890934,0.042440710962146765,-1,False,full,False,False,False,0.5920020937919617,0.5916741490364075,0.0949288010597229,,0.372488409280777,0.5902465581893921,0.4063926935195923,0.665191650390625,0.3695652186870575,0.6853865385055542,55.0,3,full_power_set,7,standard_focal_sets__full
8j6aflsb,run-20260404_185938-8j6aflsb,chameleon,random_set,GAT,128,2,0.004913267118706306,0.06997070610451046,-1,False,full,False,False,False,0.6358267068862915,0.6353003978729248,0.13961713016033173,,0.372488409280777,0.6347864866256714,0.4063926935195923,0.5,0.3695652186870575,0.5,78.0,3,full_power_set,7,standard_focal_sets__full
d70q4fpb,run-20260404_185955-d70q4fpb,chameleon,random_set,GAT,128,3,0.05720566745709387,0.0500270266226715,-1,False,full,False,False,False,0.6025403141975403,0.6021615862846375,0.11132985353469849,,0.372488409280777,0.6009879112243652,0.4063926935195923,0.4891611337661743,0.3695652186870575,0.489130437374115,54.0,3,full_power_set,7,standard_focal_sets__full
xgsaewwb,run-20260404_190012-xgsaewwb,chameleon,random_set,GAT,256,3,0.05974144649985772,0.06397847521953294,-1,False,full,False,False,False,0.6208652257919312,0.6204051375389099,0.13647237420082092,,0.372488409280777,0.6195891499519348,0.4063926935195923,0.5,0.3695652186870575,0.5,54.0,3,full_power_set,7,standard_focal_sets__full
ecynj2sr,run-20260404_190033-ecynj2sr,chameleon,random_set,GAT,128,2,0.05309304120333202,0.02121375045103406,-1,False,full,False,False,False,0.5571909546852112,0.5570701956748962,0.02990684285759926,,0.372488409280777,0.5541128516197205,0.4063926935195923,0.8388449549674988,0.3695652186870575,0.8277878165245056,57.0,3,full_power_set,7,standard_focal_sets__full
gbpshny9,run-20260404_190049-gbpshny9,chameleon,random_set,GAT,256,3,0.04110690988102405,0.012869033222603537,-1,False,full,False,False,False,0.5509127378463745,0.5508461594581604,0.014286493882536888,,0.372488409280777,0.5473076105117798,0.4063926935195923,0.8343218564987183,0.3695652186870575,0.8162137269973755,60.0,3,full_power_set,7,standard_focal_sets__full
l0rgasdm,run-20260404_190111-l0rgasdm,chameleon,random_set,GAT,128,2,0.09604033428626364,0.03411018798238378,-1,False,full,False,False,False,0.5741593837738037,0.5739310383796692,0.0616820827126503,,0.372488409280777,0.5715554356575012,0.4063926935195923,0.8425284624099731,0.3695652186870575,0.8260667324066162,55.0,3,full_power_set,7,standard_focal_sets__full
v7w28mva,run-20260404_190128-v7w28mva,chameleon,random_set,GAT,256,3,0.0003978161113609962,0.01856293640125077,-1,False,full,False,False,False,0.5546654462814331,0.5545657873153687,0.024655578657984734,,0.372488409280777,0.5514025092124939,0.4063926935195923,0.8384174108505249,0.3695652186870575,0.822161853313446,200.0,3,full_power_set,7,standard_focal_sets__full
awierw0i,run-20260404_190225-awierw0i,chameleon,random_set,GAT,128,2,0.02923251985517754,0.061080533413033745,-1,False,full,False,False,False,0.618751585483551,0.6183006167411804,0.1336384415626526,,0.372488409280777,0.617713212966919,0.4063926935195923,0.4988584518432617,0.3695652186870575,0.49818840622901917,57.0,3,full_power_set,7,standard_focal_sets__full
ni4ljdsd,run-20260404_190241-ni4ljdsd,chameleon,random_set,GAT,256,2,0.09739080680960042,0.02655579867782661,-1,False,full,False,False,False,0.562249481678009,0.5620961785316467,0.039118509739637375,,0.372488409280777,0.5597345232963562,0.4063926935195923,0.8410966396331787,0.3695652186870575,0.8264190554618835,74.0,3,full_power_set,7,standard_focal_sets__full
d9w3kyf5,run-20260404_190303-d9w3kyf5,chameleon,random_set,GAT,256,2,0.021467538142703708,0.013039492564586813,-1,False,full,False,False,False,0.3896576166152954,0.3895745873451233,0.033945292234420776,,0.6831530332565308,0.5101838707923889,0.48630136251449585,0.5280091762542725,0.510869562625885,0.5401670336723328,88.0,3,full_power_set,7,standard_focal_sets__full
q4brvjwo,run-20260404_190330-q4brvjwo,chameleon,random_set,GAT,256,2,0.09993943318668291,0.04322423099912955,-1,False,full,False,False,False,0.5916600227355957,0.5913346409797668,0.09420505911111832,,0.372488409280777,0.5902925729751587,0.4063926935195923,0.8408809304237366,0.3695652186870575,0.8253119587898254,82.0,3,full_power_set,7,standard_focal_sets__full
stnvwwml,run-20260404_190356-stnvwwml,chameleon,random_set,GAT,128,3,0.04209188657268028,0.07159267474710619,-1,False,full,False,False,False,0.6268422603607178,0.6263567805290222,0.1425316482782364,,0.372488409280777,0.6256841421127319,0.4063926935195923,0.4983052909374237,0.3695652186870575,0.5038647651672363,56.0,3,full_power_set,7,standard_focal_sets__full
s9b61ywm,run-20260404_190412-s9b61ywm,chameleon,random_set,GAT,256,3,0.07659259727742257,0.022572430296705973,-1,False,full,False,False,False,0.5568385720252991,0.5567247271537781,0.029959430918097496,,0.372488409280777,0.5536488890647888,0.4063926935195923,0.8339099884033203,0.3695652186870575,0.8233696222305298,66.0,3,full_power_set,7,standard_focal_sets__full
rhnk2as5,run-20260404_190439-rhnk2as5,chameleon,random_set,GAT,64,2,0.05958378236415285,0.027604359550584576,-1,False,full,False,False,False,0.5643554925918579,0.5641880631446838,0.044637780636548996,,0.372488409280777,0.5614655613899231,0.4063926935195923,0.8408220410346985,0.3695652186870575,0.8260165452957153,59.0,3,full_power_set,7,standard_focal_sets__full
o1lpbc0y,run-20260404_190500-o1lpbc0y,chameleon,random_set,GAT,256,3,0.02559562700887604,0.01896424631983576,-1,False,full,False,False,False,0.5573222637176514,0.557209312915802,0.026247356086969376,,0.372488409280777,0.5543351173400879,0.4063926935195923,0.82732754945755,0.3695652186870575,0.8180254101753235,58.0,3,full_power_set,7,standard_focal_sets__full
rqp4sgxq,run-20260404_190522-rqp4sgxq,chameleon,random_set,GAT,256,2,0.004147274778481726,0.015191950656953373,-1,False,full,False,False,False,0.5508500337600708,0.5507668852806091,0.02122521959245205,,0.372488409280777,0.547514021396637,0.4063926935195923,0.8354320526123047,0.3695652186870575,0.823097825050354,73.0,3,full_power_set,7,standard_focal_sets__full
v1v0f0k2,run-20260404_190544-v1v0f0k2,chameleon,random_set,GAT,256,3,0.06987149270003346,0.029675471238766658,-1,False,full,False,False,False,0.5700308680534363,0.5698287487030029,0.054145555943250656,,0.372488409280777,0.567582368850708,0.4063926935195923,0.7189897894859314,0.3695652186870575,0.7116445302963257,67.0,3,full_power_set,7,standard_focal_sets__full
0pjxaa5a,run-20260404_190610-0pjxaa5a,chameleon,random_set,GAT,64,3,0.0339235693332139,0.09527029688699289,-1,False,full,False,False,False,0.6359997987747192,0.6354795694351196,0.15591022372245789,,0.372488409280777,0.6351324915885925,0.4063926935195923,0.5,0.3695652186870575,0.5,87.0,3,full_power_set,7,standard_focal_sets__full
gzr6vm2o,run-20260404_190636-gzr6vm2o,chameleon,random_set,GAT,128,3,0.09890936142933128,0.03154661253718284,-1,False,full,False,False,False,0.5747652649879456,0.5745331048965454,0.06457338482141495,,0.372488409280777,0.5726092457771301,0.4063926935195923,0.3647828996181488,0.3695652186870575,0.35092592239379883,62.0,3,full_power_set,7,standard_focal_sets__full
5eafq04x,run-20260404_190653-5eafq04x,chameleon,random_set,GAT,128,2,0.02195712510179621,0.02921267361270362,-1,False,full,False,False,False,0.5658150911331177,0.5656388401985168,0.045824117958545685,,0.372488409280777,0.5633009672164917,0.4063926935195923,0.8388606905937195,0.3695652186870575,0.825946033000946,56.0,3,full_power_set,7,standard_focal_sets__full
ovxt64nw,run-20260404_190710-ovxt64nw,chameleon,random_set,GAT,128,2,0.051246732263894854,0.02929914243720579,-1,False,full,False,False,False,0.5673900246620178,0.5672032833099365,0.049566298723220825,,0.372488409280777,0.5648650527000427,0.4063926935195923,0.8397747278213501,0.3695652186870575,0.8247987031936646,53.0,3,full_power_set,7,standard_focal_sets__full
wc7ev2vj,run-20260404_190726-wc7ev2vj,chameleon,random_set,GAT,256,2,0.07423347114597999,0.02111993641612211,-1,False,full,False,False,False,0.5570012331008911,0.5568808913230896,0.030443571507930756,,0.372488409280777,0.5541040301322937,0.4063926935195923,0.8385310769081116,0.3695652186870575,0.8259561061859131,82.0,3,full_power_set,7,standard_focal_sets__full
663tn5qg,run-20260404_190757-663tn5qg,chameleon,random_set,GAT,256,3,0.019812185234978807,0.029464951973693004,-1,False,full,False,False,False,0.5703487396240234,0.5701444745063782,0.053557801991701126,,0.372488409280777,0.5677363276481628,0.4063926935195923,0.7528126835823059,0.3695652186870575,0.7329408526420593,56.0,3,full_power_set,7,standard_focal_sets__full
3h9mvbnp,run-20260404_190819-3h9mvbnp,chameleon,random_set,GAT,64,2,0.0691917631890914,0.020005863246687603,-1,False,full,False,False,False,0.5559633374214172,0.5558513402938843,0.02702358178794384,,0.372488409280777,0.5527801513671875,0.4063926935195923,0.8384957909584045,0.3695652186870575,0.8258152008056641,57.0,3,full_power_set,7,standard_focal_sets__full
nn0grrgt,run-20260404_190841-nn0grrgt,chameleon,random_set,GAT,256,3,0.033574997399019424,0.02545253294479075,-1,False,full,False,False,False,0.565316915512085,0.5651456117630005,0.044804953038692474,,0.372488409280777,0.5627076029777527,0.4063926935195923,0.7971253395080566,0.3695652186870575,0.7558775544166565,56.0,3,full_power_set,7,standard_focal_sets__full
dlsux6yq,run-20260404_190903-dlsux6yq,chameleon,random_set,GAT,256,3,0.00853076355548216,0.01858594028047224,-1,False,full,False,False,False,0.555300235748291,0.5552020072937012,0.02199253998696804,,0.372488409280777,0.5521790981292725,0.4063926935195923,0.8375111222267151,0.3695652186870575,0.8218398094177246,65.0,3,full_power_set,7,standard_focal_sets__full
j2g9qub2,run-20260404_190934-j2g9qub2,chameleon,random_set,GAT,256,2,0.001701491238317251,0.07912230393664926,-1,False,full,False,False,False,0.6516132354736328,0.6510301232337952,0.15706361830234528,,0.372488409280777,0.6512734889984131,0.4063926935195923,0.517123281955719,0.3695652186870575,0.5090579986572266,103.0,3,full_power_set,7,standard_focal_sets__full
m28q7q3c,run-20260404_191002-m28q7q3c,chameleon,random_set,GAT,256,2,0.06752981177854475,0.0254899838936358,-1,False,full,False,False,False,0.5614436864852905,0.5612947940826416,0.03941526636481285,,0.372488409280777,0.5586696267127991,0.4063926935195923,0.840237557888031,0.3695652186870575,0.8249295949935913,67.0,3,full_power_set,7,standard_focal_sets__full
bm63mvpw,run-20260404_191043-bm63mvpw,chameleon,random_set,GAT,64,2,0.0014934561958514529,0.02948454356850043,-1,False,full,False,False,False,0.5644498467445374,0.564282238483429,0.04336889833211899,,0.372488409280777,0.5618289709091187,0.4063926935195923,0.8399355411529541,0.3695652186870575,0.8265197277069092,200.0,3,full_power_set,7,standard_focal_sets__full
cbe3fhpe,run-20260404_191110-cbe3fhpe,chameleon,random_set,GAT,256,2,0.016599958588110593,0.034507745868146804,-1,False,full,False,False,False,0.5733203887939453,0.573097288608551,0.05916016176342964,,0.372488409280777,0.5708988308906555,0.4063926935195923,0.8396255970001221,0.3695652186870575,0.8265398740768433,56.0,3,full_power_set,7,standard_focal_sets__full
ed3xptv2,run-20260404_191136-ed3xptv2,chameleon,random_set,GAT,128,3,0.07181428917035872,0.040036391001166294,-1,False,full,False,False,False,0.5887026190757751,0.5883921980857849,0.08934224396944046,,0.372488409280777,0.5866916179656982,0.4063926935195923,0.5012003779411316,0.3695652186870575,0.48768115043640137,53.0,3,full_power_set,7,standard_focal_sets__full
mmft0d4q,run-20260404_191153-mmft0d4q,chameleon,random_set,GAT,128,2,0.05345666077194249,0.025536919406153265,-1,False,full,False,False,False,0.5621644854545593,0.5620129108428955,0.03844622150063515,,0.372488409280777,0.5593668818473816,0.4063926935195923,0.8395000100135803,0.3695652186870575,0.8263687491416931,56.0,3,full_power_set,7,standard_focal_sets__full
x2y57hbg,run-20260404_191209-x2y57hbg,chameleon,random_set,GAT,256,3,0.014845145528018518,0.024998114596183847,-1,False,full,False,False,False,0.5640407800674438,0.5638791918754578,0.03993301838636398,,0.372488409280777,0.5612701177597046,0.4063926935195923,0.7784996628761292,0.3695652186870575,0.7775764465332031,62.0,3,full_power_set,7,standard_focal_sets__full
lzw9iyt9,run-20260404_191231-lzw9iyt9,chameleon,random_set,GAT,64,2,0.07624556437922655,0.031720945525585034,-1,False,full,False,False,False,0.569896936416626,0.5696945190429688,0.05515509098768234,,0.372488409280777,0.5679386854171753,0.4063926935195923,0.8415713310241699,0.3695652186870575,0.826338529586792,54.0,3,full_power_set,7,standard_focal_sets__full
gc0axnnb,run-20260404_191251-gc0axnnb,chameleon,random_set,GAT,256,3,0.05636915875080187,0.020352646439174296,-1,False,full,False,False,False,0.5568272471427917,0.5567165017127991,0.026387764140963554,,0.372488409280777,0.5536930561065674,0.4063926935195923,0.8387351036071777,0.3695652186870575,0.8273047804832458,55.0,3,full_power_set,7,standard_focal_sets__full
g5p3ncur,run-20260404_191314-g5p3ncur,chameleon,random_set,GAT,64,2,0.018952537166634087,0.009795545565336633,-1,False,full,False,False,False,0.2498742938041687,0.24981890618801117,0.023942532017827034,,0.854714035987854,0.49376553297042847,0.5593607425689697,0.4680286645889282,0.5869565010070801,0.48457127809524536,63.0,3,full_power_set,7,standard_focal_sets__full
2krslgyf,run-20260404_191330-2krslgyf,chameleon,random_set,GAT,256,2,0.06232209533877138,0.04250839242868024,-1,False,full,False,False,False,0.5915853381156921,0.5912604331970215,0.09532713145017624,,0.372488409280777,0.5896438360214233,0.4063926935195923,0.7482229471206665,0.3695652186870575,0.7573167681694031,59.0,3,full_power_set,7,standard_focal_sets__full
qzt8933n,run-20260404_191352-qzt8933n,chameleon,random_set,GAT,256,2,0.051361080806360385,0.026127452898116653,-1,False,full,False,False,False,0.5624198317527771,0.5622665286064148,0.03816333785653114,,0.372488409280777,0.5591866374015808,0.4063926935195923,0.840512216091156,0.3695652186870575,0.8272141218185425,62.0,3,full_power_set,7,standard_focal_sets__full
9fnat5qu,run-20260404_191413-9fnat5qu,chameleon,random_set,GAT,256,3,0.08870946153791671,0.03774866520278644,-1,False,full,False,False,False,0.5833192467689514,0.583037793636322,0.07974942028522491,,0.372488409280777,0.5812969207763672,0.4063926935195923,0.5243256688117981,0.3695652186870575,0.5135265588760376,81.0,3,full_power_set,7,standard_focal_sets__full
u4f195ix,run-20260404_191439-u4f195ix,chameleon,random_set,GAT,128,3,0.046965665800623835,0.0927548933950883,-1,False,full,False,False,False,0.6343555450439453,0.6338415145874023,0.1545485109090805,,0.372488409280777,0.6334267258644104,0.4063926935195923,0.5,0.3695652186870575,0.5,66.0,3,full_power_set,7,standard_focal_sets__full
3g7g1bts,run-20260404_191505-3g7g1bts,chameleon,random_set,GAT,128,2,0.08081882443762019,0.02038744508949283,-1,False,full,False,False,False,0.5558723211288452,0.5557567477226257,0.03026857227087021,,0.372488409280777,0.5529618263244629,0.4063926935195923,0.8400570154190063,0.3695652186870575,0.8281903862953186,56.0,3,full_power_set,7,standard_focal_sets__full
