dataset,ablation,focal_strategy,budget_timer,isotonic_calibration,runs,test_acc_id_n,test_acc_id_mean,test_acc_id_std,test_ece_id_n,test_ece_id_mean,test_ece_id_std,test_auroc_entropy_n,test_auroc_entropy_mean,test_auroc_entropy_std,val_f1_n,val_f1_mean,val_f1_std,val_auroc_entropy_n,val_auroc_entropy_mean,val_auroc_entropy_std,focal_set_budget_seconds_n,focal_set_budget_seconds_mean,focal_set_budget_seconds_std,isotonic_test_id_ece_before_n,isotonic_test_id_ece_before_mean,isotonic_test_id_ece_before_std,isotonic_test_id_ece_after_n,isotonic_test_id_ece_after_mean,isotonic_test_id_ece_after_std,isotonic_test_auroc_entropy_before_n,isotonic_test_auroc_entropy_before_mean,isotonic_test_auroc_entropy_before_std,isotonic_test_auroc_entropy_after_n,isotonic_test_auroc_entropy_after_mean,isotonic_test_auroc_entropy_after_std
amazon_ratings,standard_focal_sets__full,full_power_set,disabled,enabled,3,3,0.6363228559494019,0.0,0,,,3,0.4854804277420044,0.005962940780214771,3,0.6364858746528625,0.0,3,0.47907814383506775,0.00932944124584876,0,,,3,0.13608214811091998,0.11109676026705745,3,0.0072313131890841,0.003995988311835554,3,0.48363716332676376,0.0028943175856813853,3,0.4939166999754648,0.012398482936035394
amazon_ratings,standard_focal_sets__full,full_power_set,enabled,disabled,3,3,0.6363228559494019,0.0,0,,,3,0.4889636238416036,0.009564831879567236,3,0.6364858746528625,0.0,3,0.4834905763467153,0.014311266825633143,0,,,0,,,0,,,0,,,0,,
arxiv,standard_focal_sets__full,full_power_set,disabled,enabled,3,3,0.42308327555656433,0.0022925690542449323,0,,,3,0.5115080575148264,0.042503814630748954,3,0.4179108242193858,0.003317019869377552,3,0.5207681655883789,0.041253026251463654,0,,,3,0.021783540726857547,0.023923029699391838,3,0.010462477840199033,0.0030587129718979635,3,0.5115077520772439,0.04250538475929016,3,0.5316816812171024,0.0014489176772344927
arxiv,standard_focal_sets__full,full_power_set,enabled,disabled,6,6,0.4034893711407979,0.039498627563198795,0,,,6,0.5111764123042425,0.04707556377803877,6,0.4050735831260681,0.03779940480474333,6,0.5109685361385345,0.04880824743808698,0,,,0,,,0,,,0,,,0,,
chameleon,standard_focal_sets__full,full_power_set,disabled,enabled,3,3,0.42995168765385944,0.10459243234018228,0,,,3,0.5925590693950653,0.16429873487547172,3,0.43683409690856934,0.05272605732340766,3,0.5837740103403727,0.19338765534764107,0,,,3,0.0984080019204513,0.132614398414666,3,0.05281428475633426,0.040749928681550994,3,0.5992418142780461,0.17564431163393107,3,0.5406602254428341,0.18305835169489681
chameleon,standard_focal_sets__full,full_power_set,enabled,disabled,3,3,0.3695652186870575,0.0,0,,,3,0.5,0.0,3,0.4063926935195923,0.0,3,0.5,0.0,0,,,0,,,0,,,0,,,0,,
coauthor,standard_focal_sets__full,budgeted,disabled,enabled,3,3,0.32472435633341473,0.06541484981447546,0,,,3,0.462399959564209,0.07100352845400405,3,0.32394130031267804,0.06515165388323284,3,0.45852548877398175,0.07052558841350492,0,,,3,0.1190700118707095,0.03590215320363103,3,0.08738348026328778,0.06878677311682402,3,0.47669916135028223,0.08525153260596645,3,0.47607505482802587,0.09631196102985137
coauthor,standard_focal_sets__full,budgeted,enabled,disabled,3,3,0.32094234724839527,0.2977796408243003,0,,,3,0.6155700087547302,0.07852294093996645,3,0.3213545083999634,0.29791082043268535,3,0.6163008610407511,0.09887577988029991,3,18.822781100000014,2.079496844967097,0,,,0,,,0,,,0,,
cora,standard_focal_sets__full,full_power_set,disabled,enabled,3,3,0.47151899337768555,0.0,0,,,3,0.5219807128111521,0.050853709755225636,3,0.485029935836792,0.0,3,0.5303867061932882,0.054974770927158786,0,,,3,0.0756870045126239,0.03166490533996122,3,0.05268140546164576,0.035882922829274765,3,0.5245623288178252,0.04637060136335117,3,0.5434841278653737,0.10410071393029513
cora,standard_focal_sets__full,full_power_set,enabled,disabled,3,3,0.6244725783665975,0.2649233804005998,0,,,3,0.6200079719225565,0.19901550506211513,3,0.638722558816274,0.2662034317489908,3,0.6308164596557617,0.20378794610218376,0,,,0,,,0,,,0,,,0,,
nuscenes,standard_focal_sets__full,full_power_set,disabled,enabled,3,3,0.6996168692906698,0.17311028049195917,3,0.17483043670654297,0.03394683914752116,3,0.4513235588868459,0.08598771973556195,3,0.7324209610621134,0.08827818702432019,3,0.48259740074475604,0.06579114831800145,0,,,3,0.17483043456312472,0.033946832232149185,3,0.10788209910063797,0.012345547078308804,3,0.4513233328317818,0.08598763354112501,3,0.5146950239545376,0.003435054524835344
patents,standard_focal_sets__full,full_power_set,enabled,disabled,2,2,0.33031825721263885,0.00040450437858330547,0,,,2,0.5,0.0,2,0.33076709508895874,0.0005657792944102415,2,0.5,0.0,0,,,0,,,0,,,0,,,0,,
reddit2,standard_focal_sets__full,budgeted,enabled,disabled,3,3,0.13378159701824188,0.07436864067784173,0,,,3,0.44114280740420025,0.028138960027409395,3,0.13369466861089072,0.07366758867981432,3,0.4448238213857015,0.03170012506729809,3,39.23303863333322,1.7063462422227087,0,,,0,,,0,,,0,,
road,standard_focal_sets__full,full_power_set,disabled,enabled,3,3,0.40685442090034485,0.0,3,0.03816889909406503,0.01868180110477097,3,0.5801661411921183,0.06947660241240185,3,0.40686607360839844,0.0,3,0.5805794795354208,0.06984529674214936,0,,,3,0.03816889926408593,0.018681802052084855,3,0.050581782794403646,0.04255950459873007,3,0.5903170932080797,0.07922118029747409,3,0.561920101832457,0.05828266742509819
roman_empire,standard_focal_sets__full,budgeted,disabled,enabled,3,3,0.06390593200922012,0.030377037779130527,0,,,3,0.4369213978449504,0.10818667022871464,3,0.06324262296160062,0.029363511466257573,3,0.4475509325663249,0.09925723873528501,0,,,3,0.07185310357229323,0.04854689194583429,3,0.018613398004562583,0.0017341382939836795,3,0.46403859901482053,0.15989140888146464,3,0.3650988857547537,0.04862483119001375
roman_empire,standard_focal_sets__full,budgeted,enabled,disabled,6,6,0.13375511392951012,0.042067213258319996,0,,,6,0.5051085005203882,0.11292708569204774,6,0.13363996768991152,0.04191128595616856,6,0.507008284330368,0.09638519567264824,6,21.67626695,3.4465814667922623,0,,,0,,,0,,,0,,
squirrel,standard_focal_sets__full,full_power_set,disabled,enabled,3,3,0.3563772638638814,0.05754938385624166,0,,,3,0.5201092561086019,0.034830253282513275,3,0.35743381579717,0.04585878504662438,3,0.5159759918848673,0.027671229645898323,0,,,3,0.018554952015575242,0.013546175742535919,3,0.02978299201033809,0.011089290339319748,3,0.5328021599940653,0.030509450869781667,3,0.5569070440261226,0.026079178690982644
squirrel,standard_focal_sets__full,full_power_set,enabled,disabled,3,3,0.3231511116027832,0.0,0,,,3,0.5,0.0,3,0.33095723390579224,0.0,3,0.5003394285837809,0.0005879075526497105,0,,,0,,,0,,,0,,,0,,
