run_id,run_name,dataset,model,gnn_type,hidden_channels,num_layers,lr,weight_decay,batch_size,train_loss,train_bce,train_mr,train_acc,val_loss,val_f1,val_auroc_entropy,test_acc_id,test_auroc_entropy,epoch,num_id_classes,focal_strategy,num_output_heads
ah9ts2v9,run-20260404_192847-ah9ts2v9,arxiv,random_set,GAT,64,2,0.03520756182915945,0.0599362935595014,256,0.5566399693489075,0.5564422011375427,0.05128104239702225,0.48275861144065857,0.5607092976570129,0.4245055913925171,0.5410841703414917,0.4153125286102295,0.5437840819358826,108.0,3,full_power_set,7
76igddor,run-20260404_194128-76igddor,arxiv,random_set,GAT,128,3,0.08406975291706585,0.009714014457299604,256,0.5598790645599365,0.5598257184028625,0.02487076260149479,0.29729729890823364,0.5426095128059387,0.4204207956790924,0.5609266757965088,0.41700682044029236,0.5617851614952087,124.0,3,full_power_set,7
34qnnlh9,run-20260404_200805-34qnnlh9,arxiv,random_set,GAT,256,3,0.04102311230467027,0.07106611440772535,256,0.6233144998550415,0.6228353381156921,0.14240209758281708,0.40310078859329224,0.6225870847702026,0.4182296395301819,0.5,0.41818416118621826,0.5,110.0,3,full_power_set,7
13dp7v84,run-20260404_204649-13dp7v84,arxiv,random_set,GAT,64,3,0.015209773385903208,0.08778625043487132,256,0.6246908903121948,0.6241804957389832,0.15257272124290466,0.6086956262588501,0.6305692791938782,0.42145100235939026,0.5,0.41716840863227844,0.5,84.0,3,full_power_set,7
cbg6ba6k,run-20260404_210101-cbg6ba6k,arxiv,random_set,GAT,64,2,0.010905621409778837,0.0409991691823527,256,0.5583337545394897,0.5581949353218079,0.03762022405862808,0.41111111640930176,0.5546388626098633,0.4162728786468506,0.5382333397865295,0.41672778129577637,0.5427762269973755,77.0,3,full_power_set,7
5cta82qd,run-20260404_211004-5cta82qd,arxiv,random_set,GAT,128,3,0.09588202070897034,0.03463364737163729,256,0.5587422847747803,0.5586095452308655,0.03767713904380798,0.375,0.554421067237854,0.41401737928390503,0.5531821846961975,0.41702455282211304,0.5566735863685608,156.0,3,full_power_set,7
gzqw1p3r,run-20260404_214359-gzqw1p3r,arxiv,random_set,GAT,128,2,0.08893923228057576,0.01656906001822709,256,0.537484884262085,0.537432074546814,0.01527260709553957,0.4457831382751465,0.5436941385269165,0.42142120003700256,0.5133457183837891,0.4150652587413788,0.5209842920303345,139.0,3,full_power_set,7
sxeota4n,run-20260404_220254-sxeota4n,arxiv,random_set,GAT,256,3,0.09998643650905358,0.0029303278096525372,256,6.145381927490234,6.145096302032471,0.2857142984867096,0.17777778208255768,6.114480495452881,0.32842546701431274,0.5,0.3234381675720215,0.5,74.0,3,full_power_set,7
sgj7od4y,run-20260404_222922-sgj7od4y,arxiv,random_set,GAT,256,3,0.005172455256900446,0.032255658733581445,256,0.5495188236236572,0.5494256615638733,0.020192991942167282,0.4615384638309479,0.5491495132446289,0.41813796758651733,0.5420386791229248,0.4229927361011505,0.5419830679893494,103.0,3,full_power_set,7
baco6b3c,run-20260404_230619-baco6b3c,arxiv,random_set,GAT,256,3,0.09186441911307835,0.05536053227044797,256,0.6086446046829224,0.6082321405410767,0.12198568135499954,0.40265485644340515,0.6055005192756653,0.41703590750694275,0.5,0.4160311818122864,0.5,61.0,3,full_power_set,7
vt58fvz1,run-20260404_232909-vt58fvz1,arxiv,random_set,GAT,128,2,0.013780565709506485,0.03851965045759078,256,0.5541428923606873,0.5540065169334412,0.03735588863492012,0.43820226192474365,0.5543467402458191,0.4158102571964264,0.5484064817428589,0.41912737488746643,0.5469869375228882,51.0,3,full_power_set,7
1unyflo9,run-20260404_233626-1unyflo9,arxiv,random_set,GAT,128,2,0.03596725515337491,0.02318526277315339,256,0.5527130365371704,0.5526455044746399,0.017584245651960373,0.38596490025520325,0.5451240539550781,0.42116379737854004,0.5563890337944031,0.41435563564300537,0.5636434555053711,200.0,3,full_power_set,7
37m40z1x,run-20260405_000439-37m40z1x,arxiv,random_set,GAT,128,2,0.021517713323722355,0.007843014181963976,256,0.5389209985733032,0.5388979315757751,0.006640658248215914,0.3907284736633301,0.5391348600387573,0.42214563488960266,0.4980502128601074,0.41315221786499023,0.49383020401000977,146.0,3,full_power_set,7
fq05nc32,run-20260405_002514-fq05nc32,arxiv,random_set,GAT,64,2,0.07821285246696563,0.05884192498620108,256,0.5693241357803345,0.5691261291503906,0.050272367894649506,0.3813559412956238,0.5650765299797058,0.42041730880737305,0.5288428068161011,0.4138227701187134,0.5337979197502136,143.0,3,full_power_set,7
y6rfuqb5,run-20260405_004253-y6rfuqb5,arxiv,random_set,GAT,128,3,0.04950520625987235,0.03459523937312541,256,0.555006206035614,0.5548676252365112,0.0416940338909626,0.4308300316333771,0.5549523234367371,0.4250870943069458,0.5462851524353027,0.4184150695800781,0.5464153289794922,53.0,3,full_power_set,7
zyft9j6i,run-20260405_005518-zyft9j6i,arxiv,random_set,GAT,64,2,0.0785411920863509,0.07286146975632204,256,0.5887404680252075,0.5884231925010681,0.09719883650541306,0.4117647111415863,0.5862426161766052,0.323878675699234,0.5243195295333862,0.3228458762168884,0.5272587537765503,68.0,3,full_power_set,7
302sn8b6,run-20260405_010345-302sn8b6,arxiv,random_set,GAT,128,3,0.05093750990459378,0.07778328593066529,256,0.6618660092353821,0.6613718271255493,0.1484048068523407,0.0,0.6279779672622681,0.4210934340953827,0.5,0.4174986183643341,0.5,106.0,3,full_power_set,7
le2xalce,run-20260405_012756-le2xalce,arxiv,random_set,GAT,256,3,0.04835487822948317,0.09632172282619808,256,0.63199383020401,0.6314710974693298,0.15569162368774414,0.4759615361690521,0.633452832698822,0.4236140847206116,0.49994972348213196,0.4123059809207916,0.5000420808792114,73.0,3,full_power_set,7
seraoqyg,run-20260405_015507-seraoqyg,arxiv,random_set,GAT,256,2,0.03219119531913023,0.047646940416018906,256,0.5602205395698547,0.5600970983505249,0.027026766911149025,0.35555556416511536,0.5593953728675842,0.41683831810951233,0.5520409941673279,0.4208662509918213,0.5547394156455994,180.0,3,full_power_set,7
lp7zud80,run-20260405_022902-lp7zud80,arxiv,random_set,GAT,128,2,0.05369536926011308,0.03564198905608084,256,0.5591390132904053,0.5590223670005798,0.03134060278534889,0.4270833432674408,0.5554043054580688,0.4121352434158325,0.526314377784729,0.4230037331581116,0.5348998308181763,62.0,3,full_power_set,7
ckf7gafo,run-20260405_023754-ckf7gafo,arxiv,random_set,GAT,64,2,0.001923110314728395,0.08678593535156781,256,0.6454564332962036,0.6449478268623352,0.15191593766212463,0.20000000298023224,0.6301745772361755,0.41742271184921265,0.5,0.4134999215602875,0.5,51.0,3,full_power_set,7
27gqriy5,run-20260405_024422-27gqriy5,arxiv,random_set,GAT,256,2,0.013057332507987853,0.0861666770608802,256,0.6313506960868835,0.6308430433273315,0.15167440474033356,0.3684210479259491,0.6300509572029114,0.4208710789680481,0.5,0.4198831021785736,0.5,73.0,3,full_power_set,7
q5su5rzl,run-20260405_025819-q5su5rzl,arxiv,random_set,GAT,256,2,0.013495328933696876,0.009861842950120369,256,0.5425140261650085,0.5424859523773193,0.008267040364444256,0.38513514399528503,0.5404618382453918,0.41752997040748596,0.5387455224990845,0.4189714789390564,0.5412313938140869,65.0,3,full_power_set,7
ax83y4ol,run-20260405_031100-ax83y4ol,arxiv,random_set,GAT,128,3,0.0641929990617709,0.03385512015641977,256,0.5545555353164673,0.5544571280479431,0.01914999634027481,0.3888888955116272,0.5502538084983826,0.41812726855278015,0.560543417930603,0.41583260893821716,0.5647493600845337,61.0,3,full_power_set,7
fpfup5dh,run-20260405_032518-fpfup5dh,arxiv,random_set,GAT,256,3,0.03708734816398088,0.025031158358979,256,0.5764744877815247,0.5763593316078186,0.03972742334008217,0.23076923191547394,0.5556848645210266,0.4133758246898651,0.5444831252098083,0.42057156562805176,0.5427901148796082,64.0,3,full_power_set,7
kn1kihtt,run-20260405_034934-kn1kihtt,arxiv,random_set,GAT,128,3,0.09676985529551554,0.041554179540030066,256,0.5880420804023743,0.5877240300178528,0.09364782273769379,0.4054054021835327,0.5855817198753357,0.4151540994644165,0.5,0.41793760657310486,0.5,64.0,3,full_power_set,7
f06s740a,run-20260405_040416-f06s740a,arxiv,random_set,GAT,128,2,0.01610962305939831,0.017606412614092695,256,0.5354539752006531,0.5354124307632446,0.007757931482046843,0.4482758641242981,0.5426904559135437,0.41696813702583313,0.5313581228256226,0.41994398832321167,0.5277240872383118,77.0,3,full_power_set,7
b0w0aams,run-20260405_041534-b0w0aams,arxiv,random_set,GAT,256,2,0.08129318323111472,0.07040314867821293,256,0.5773095488548279,0.5770319104194641,0.08145236223936081,0.41489362716674805,0.5767151117324829,0.4155782461166382,0.548639714717865,0.41890960931777954,0.5543333292007446,200.0,3,full_power_set,7
5o6uo9n4,run-20260405_045435-5o6uo9n4,arxiv,random_set,GAT,128,3,0.003222363596810648,0.0882866262103987,256,0.6329479813575745,0.6324368119239807,0.1526944637298584,0.4059829115867615,0.6307572722434998,0.42352235317230225,0.5,0.4218152165412903,0.5,84.0,3,full_power_set,7
408pw990,run-20260405_051421-408pw990,arxiv,random_set,GAT,256,3,0.07756392274431687,0.002578119809920403,256,5.270542621612549,5.270399570465088,0.1428571343421936,0.3465346395969391,5.3623433113098145,0.32649117708206177,0.5,0.3224351704120636,0.5,51.0,3,full_power_set,7
p3bs2o8p,run-20260405_053354-p3bs2o8p,arxiv,random_set,GAT,64,3,0.00390592350075096,0.05409846053473998,256,0.5997328758239746,0.5993253588676453,0.12027177959680557,0.4285714328289032,0.6047564744949341,0.4209173917770386,0.5,0.4188804626464844,0.5,51.0,3,full_power_set,7
pfla8ct1,run-20260405_054323-pfla8ct1,arxiv,random_set,GAT,128,2,0.09951515985752844,0.04277562692319277,256,0.5506182312965393,0.5504763126373291,0.035338144749403,0.4467005133628845,0.5573327541351318,0.41175204515457153,0.5499111413955688,0.42359459400177,0.5461506843566895,116.0,3,full_power_set,7
9vfyzqfj,run-20260405_060026-9vfyzqfj,arxiv,random_set,GAT,64,3,0.04814961801183096,0.07252495219802416,256,0.6145284175872803,0.6140474081039429,0.14290091395378113,0.5833333134651184,0.6219196319580078,0.4164506793022156,0.5,0.4185837209224701,0.5,66.0,3,full_power_set,7
tlgiztzk,run-20260405_061239-tlgiztzk,arxiv,random_set,GAT,256,3,0.09948648576148728,0.010096424063305236,256,0.5514677166938782,0.5514339804649353,0.010533200576901436,0.3617021143436432,0.5424322485923767,0.41553574800491333,0.5789660215377808,0.4200700521469116,0.5845133066177368,73.0,3,full_power_set,7
tuhfklb3,run-20260405_064033-tuhfklb3,arxiv,random_set,GAT,64,2,0.07795998095965094,0.04452411716943675,256,0.5699057579040527,0.5696994662284851,0.06662389636039734,0.3365384638309479,0.5665815472602844,0.417818546295166,0.5487216114997864,0.42072856426239014,0.5490236878395081,52.0,3,full_power_set,7
crib6wae,run-20260405_064717-crib6wae,arxiv,random_set,GAT,128,3,0.07513742798244533,0.012203157718667442,256,0.5294075012207031,0.5293697118759155,0.008768845349550247,0.4647887349128723,0.5404562950134277,0.41997671127319336,0.439291775226593,0.41317135095596313,0.4399771988391876,54.0,3,full_power_set,7
30keuvvp,run-20260405_070003-30keuvvp,arxiv,random_set,GAT,128,2,0.05714503825849063,0.016960955631827,256,0.5309243202209473,0.5308822989463806,0.008499638177454472,0.48695650696754456,0.5442630052566528,0.41613516211509705,0.5595353841781616,0.4201532304286957,0.562609851360321,154.0,3,full_power_set,7
eyzdoazb,run-20260405_072222-eyzdoazb,arxiv,random_set,GAT,64,2,0.08633178454035412,0.006361924979742002,256,0.5421075224876404,0.5420829653739929,0.008202253840863705,0.3786407709121704,0.5402758717536926,0.41767585277557373,0.5615999698638916,0.4158696234226227,0.571422278881073,65.0,3,full_power_set,7
g2jyfc1t,run-20260405_073044-g2jyfc1t,arxiv,random_set,GAT,256,3,0.01722723387108949,0.08107495550982001,256,0.6293823719024658,0.6288838982582092,0.1487836241722107,0.3636363744735718,0.6275502443313599,0.4123438596725464,0.5,0.42351627349853516,0.5,66.0,3,full_power_set,7
wngzskk3,run-20260405_075552-wngzskk3,arxiv,random_set,GAT,256,2,0.05778097219263123,0.09191750783158505,256,0.631465494632721,0.6309487223625183,0.15451717376708984,0.4406779706478119,0.6330157518386841,0.4148945212364197,0.5,0.4173429012298584,0.5,57.0,3,full_power_set,7
w25o17m2,run-20260405_080709-w25o17m2,arxiv,random_set,GAT,64,2,0.09153168503234552,0.049935607976099486,256,7.117932319641113,7.117361068725586,0.5713494420051575,0.3723404109477997,6.072325229644775,0.32632848620414734,0.5002209544181824,0.32548290491104126,0.5044386386871338,84.0,3,full_power_set,7
rudk6vqv,run-20260405_081752-rudk6vqv,arxiv,random_set,GAT,128,3,0.0824374482958905,0.02610860128276318,256,0.5509781837463379,0.5508951544761658,0.01818213425576687,0.4018264710903168,0.5480122566223145,0.41889724135398865,0.537815511226654,0.41879644989967346,0.5335017442703247,60.0,3,full_power_set,7
zunlmxq3,run-20260405_083207-zunlmxq3,arxiv,random_set,GAT,128,2,0.002461830622880361,0.05803341439558112,256,0.5575535893440247,0.5573627948760986,0.05082104355096817,0.4652777910232544,0.5623321533203125,0.4184691905975342,0.551080584526062,0.4198404550552368,0.5513666272163391,82.0,3,full_power_set,7
mccszbd0,run-20260405_084401-mccszbd0,arxiv,random_set,GAT,256,2,0.0314442383761082,0.06911854740218376,256,0.5868701338768005,0.586643397808075,0.060977157205343246,0.25,0.5781726241111755,0.42473304271698,0.5182749629020691,0.41542619466781616,0.5201238989830017,92.0,3,full_power_set,7
esbtd9r0,run-20260405_090156-esbtd9r0,arxiv,random_set,GAT,128,3,0.017926300918582577,0.012297397522654132,256,0.5977696776390076,0.5977384448051453,0.0060823336243629456,0.10526315867900848,0.5440566539764404,0.42110732197761536,0.557770311832428,0.4221368134021759,0.5513808131217957,88.0,3,full_power_set,7
im6okvp3,run-20260405_092247-im6okvp3,arxiv,random_set,GAT,64,3,0.08669408400281654,0.006513091808416099,256,0.5327568650245667,0.5327361822128296,0.007942656986415386,0.46464645862579346,0.5400786995887756,0.4202861189842224,0.46637725830078125,0.4189468324184418,0.47036269307136536,94.0,3,full_power_set,7
sqtb50yy,run-20260405_094002-sqtb50yy,arxiv,random_set,GAT,128,3,0.04702703499328144,0.04948521380292882,256,0.5951334238052368,0.5947645306587219,0.10818109661340714,0.4117647111415863,0.5953031778335571,0.4193437695503235,0.49586471915245056,0.4210049510002136,0.49846696853637695,83.0,3,full_power_set,7
2bl3ab2a,run-20260405_095936-2bl3ab2a,arxiv,random_set,GAT,64,2,0.08505000842757751,0.044799955422281226,256,0.5314944982528687,0.531352698802948,0.033706843852996826,0.6000000238418579,0.553007185459137,0.42054829001426697,0.4874860942363739,0.4191843271255493,0.4958268404006958,88.0,3,full_power_set,7
ow3dfxhn,run-20260405_101054-ow3dfxhn,arxiv,random_set,GAT,256,3,0.07852383624284644,0.0498109369470405,256,0.5643144845962524,0.5641332268714905,0.045982882380485535,0.37931033968925476,0.5622423887252808,0.4179569184780121,0.5311908721923828,0.4207952618598938,0.535355806350708,56.0,3,full_power_set,7
sdekmc72,run-20260405_103211-sdekmc72,arxiv,random_set,GAT,256,2,0.0827554394421885,0.061209635839001394,256,0.567672848701477,0.5674721598625183,0.05058632418513298,0.4545454680919647,0.5674178004264832,0.41623204946517944,0.5292965173721313,0.41756686568260193,0.5315253734588623,83.0,3,full_power_set,7
hoziuaqy,run-20260405_104824-hoziuaqy,arxiv,random_set,GAT,256,3,0.059463137044446904,0.07430155748032226,256,5.7094011306762695,5.7094011306762695,4.8345505376801157e-08,0.3767123222351074,5.347320079803467,0.4162401556968689,0.5,0.42364171147346497,0.5,113.0,3,full_power_set,7
xwny0cqb,run-20260405_113158-xwny0cqb,arxiv,random_set,GAT,128,3,0.07576147027179989,0.07572536625905754,256,0.6157695055007935,0.6152796149253845,0.14692316949367523,0.5,0.623443603515625,0.4199879765510559,0.5,0.420704185962677,0.5,65.0,3,full_power_set,7
g9xae6d4,run-20260405_114726-g9xae6d4,arxiv,random_set,GAT,64,3,0.05906124539235234,0.006624016478033662,256,0.5508016347885132,0.5507778525352478,0.011732111684978008,0.3486842215061188,0.5411019325256348,0.4158071279525757,0.4904007911682129,0.42168518900871277,0.4842846095561981,105.0,3,full_power_set,7
9rd7xyqd,run-20260405_120633-9rd7xyqd,arxiv,random_set,GAT,128,2,0.02519341007048572,0.026956022005166468,256,0.5539119839668274,0.5538367629051208,0.01658472791314125,0.4202898442745209,0.5479224920272827,0.41423654556274414,0.5584415793418884,0.4227789342403412,0.5572454929351807,135.0,3,full_power_set,7
cd5kvmld,run-20260405_122623-cd5kvmld,arxiv,random_set,GAT,256,3,0.006751408522243145,0.002690896512671858,256,0.5431578159332275,0.5431466698646545,0.005090740043669939,0.39453125,0.5385621190071106,0.4162759780883789,0.5738769769668579,0.42245301604270935,0.5687052011489868,91.0,3,full_power_set,7
g69j3c06,run-20260405_130041-g69j3c06,arxiv,random_set,GAT,128,2,0.08490655866544564,0.07009011207402376,256,0.5684916973114014,0.5682358741760254,0.07360707223415375,0.4529148042201996,0.5709885358810425,0.4176419973373413,0.535693347454071,0.417323499917984,0.5356711149215698,97.0,3,full_power_set,7
qb4bh4kj,run-20260405_131449-qb4bh4kj,arxiv,random_set,GAT,256,3,0.04149221497713558,0.07203829662976331,256,0.6221885681152344,0.621707022190094,0.14386644959449768,0.44171780347824097,0.6237062215805054,0.4194404184818268,0.5,0.41314998269081116,0.5,74.0,3,full_power_set,7
abcs45np,run-20260405_134250-abcs45np,arxiv,random_set,GAT,256,2,0.02159019586822077,0.09522083268206602,256,0.6355786919593811,0.635057270526886,0.15579980611801147,0.3765690326690674,0.633910059928894,0.415975958108902,0.5,0.422153502702713,0.5,98.0,3,full_power_set,7
subcz40s,run-20260405_140153-subcz40s,arxiv,random_set,GAT,256,3,0.08760919104332193,0.07499131635720971,256,0.6275901198387146,0.6271029114723206,0.14528235793113708,0.3333333432674408,0.6246440410614014,0.41701558232307434,0.5,0.41545915603637695,0.5,107.0,3,full_power_set,7
pbfkdafy,run-20260405_144304-pbfkdafy,arxiv,random_set,GAT,64,3,0.010881555646634176,0.020964066570200533,256,0.5469909310340881,0.5469192862510681,0.018871398642659187,0.42352941632270813,0.5452026128768921,0.42165353894233704,0.5315888524055481,0.42236077785491943,0.5406162738800049,71.0,3,full_power_set,7
0j0o291o,run-20260405_145605-0j0o291o,arxiv,random_set,GAT,256,3,0.014206101394080153,0.07757179918120947,256,0.622674286365509,0.6221822500228882,0.1465749740600586,0.4663677215576172,0.6252419352531433,0.41742467880249023,0.5,0.4199126660823822,0.5,109.0,3,full_power_set,7
ee60h766,run-20260405_153731-ee60h766,arxiv,random_set,GAT,256,3,0.060573952299842755,0.05372243563832314,256,0.601920485496521,0.6015160083770752,0.1199391558766365,0.5185185074806213,0.6053897142410278,0.41807374358177185,0.5,0.41801145672798157,0.5,130.0,3,full_power_set,7
r0o5qk8g,run-20260405_162658-r0o5qk8g,arxiv,random_set,GAT,64,3,0.03720387766460357,0.0013537656869192969,256,0.529461145401001,0.5294513702392578,0.007320008706301451,0.45132744312286377,0.5363894104957581,0.4263262152671814,0.6520635485649109,0.41341432929039,0.6516121029853821,102.0,3,full_power_set,7
jy5ans49,run-20260405_164520-jy5ans49,arxiv,random_set,GAT,128,2,0.06575966460537176,0.09337216597166254,256,0.6301907300949097,0.6296718120574951,0.1551770120859146,0.469565212726593,0.632016122341156,0.41542181372642517,0.5,0.4191802144050598,0.5,71.0,3,full_power_set,7
bhk3g1vp,run-20260405_165546-bhk3g1vp,arxiv,random_set,GAT,128,3,0.06622601477895204,0.014079781689343013,256,0.5430410504341125,0.5429614186286926,0.014907117001712322,0.46060606837272644,0.5485978126525879,0.4209662675857544,0.5614615678787231,0.4131323993206024,0.5589064955711365,200.0,3,full_power_set,7
nke9gbzi,run-20260405_174228-nke9gbzi,arxiv,random_set,GAT,128,2,0.06979536030838039,0.012637267165053251,256,6.882796764373779,6.882653713226318,0.1428571492433548,0.3333333432674408,6.114442348480225,0.419705331325531,0.5,0.4192023277282715,0.5,57.0,3,full_power_set,7
4o6hboqs,run-20260405_175046-4o6hboqs,arxiv,random_set,GAT,64,2,0.0580525854114193,0.07809333388022796,256,0.5801267623901367,0.5798336863517761,0.0805184543132782,0.41566264629364014,0.582720160484314,0.4175078272819519,0.5461230874061584,0.42005714774131775,0.5386115908622742,59.0,3,full_power_set,7
84jbf4ti,run-20260405_175816-84jbf4ti,arxiv,random_set,GAT,256,3,0.02268826565035816,0.08438446721182766,256,0.6258352398872375,0.6253306269645691,0.1506437361240387,0.4677419364452362,0.628731906414032,0.41799396276474,0.5,0.41321638226509094,0.5,102.0,3,full_power_set,7
o83wn13p,run-20260405_183727-o83wn13p,arxiv,random_set,GAT,128,2,0.037020844376953355,0.0745826857404639,256,0.5797472596168518,0.5794650912284851,0.07927006483078003,0.4146341383457184,0.5782214999198914,0.421041339635849,0.531920850276947,0.42232003808021545,0.5385887026786804,65.0,3,full_power_set,7
vrb9sink,run-20260405_184656-vrb9sink,arxiv,random_set,GAT,128,2,0.053723026834881976,0.0852038930464627,256,0.628638505935669,0.6281323432922363,0.1512487381696701,0.4193548262119293,0.6297711730003357,0.41732993721961975,0.5,0.4177881181240082,0.5,85.0,3,full_power_set,7
9bz8q1m6,run-20260405_185925-9bz8q1m6,arxiv,random_set,GAT,64,2,0.07501612731184268,0.033757089025755437,256,0.5442237854003906,0.5441449880599976,0.012422021478414536,0.46046510338783264,0.5511568188667297,0.42096662521362305,0.5548731088638306,0.4179379642009735,0.5593170523643494,65.0,3,full_power_set,7
o475vw05,run-20260405_190742-o475vw05,arxiv,random_set,GAT,64,3,0.06077998347488125,0.045220427756853115,256,0.5563860535621643,0.5562466979026794,0.03207194805145264,0.4117647111415863,0.5599539875984192,0.41599172353744507,0.5690317749977112,0.41858965158462524,0.5732049345970154,116.0,3,full_power_set,7
474o8yb3,run-20260405_192858-474o8yb3,arxiv,random_set,GAT,256,3,0.08732712420838507,0.0974690451578254,256,0.636164665222168,0.6356397271156311,0.15712255239486694,0.3863636255264282,0.6347050666809082,0.41816848516464233,0.5,0.4186437129974365,0.5,181.0,3,full_power_set,7
2z6ucqu8,run-20260405_203709-2z6ucqu8,arxiv,random_set,GAT,256,2,0.029808418224572576,0.01762550543879088,256,0.5451642274856567,0.5451082587242126,0.010142477229237556,0.4610389471054077,0.5448182225227356,0.41307705640792847,0.559613049030304,0.4179481565952301,0.5590145587921143,60.0,3,full_power_set,7
rx9xmlk5,run-20260405_204840-rx9xmlk5,arxiv,random_set,GAT,256,3,0.08983126187689788,0.019223703645171463,256,0.544161319732666,0.5441173315048218,0.009726396761834621,0.3668341636657715,0.5453201532363892,0.4198105037212372,0.566360592842102,0.4193325340747833,0.5626910328865051,60.0,3,full_power_set,7
4aepv416,run-20260405_211136-4aepv416,arxiv,random_set,GAT,64,3,0.062306324036196424,0.06685232720443954,256,0.618383526802063,0.6179129481315613,0.14052745699882507,0.4449339210987091,0.6208327412605286,0.4136217534542084,0.5,0.41695716977119446,0.5,76.0,3,full_power_set,7
ynjgf9h5,run-20260405_212518-ynjgf9h5,arxiv,random_set,GAT,256,3,0.08000225803405694,0.011524968647240438,256,0.5436359643936157,0.5436012744903564,0.01370179932564497,0.40340909361839294,0.5422396063804626,0.4141427278518677,0.5691891312599182,0.41696250438690186,0.5653864741325378,66.0,3,full_power_set,7
e0jcyp0b,run-20260405_215023-e0jcyp0b,arxiv,random_set,GAT,64,3,0.07275671599762437,0.0930188140305576,256,0.6321794390678406,0.6316594481468201,0.1565505713224411,0.44871795177459717,0.6338583827018738,0.4167485237121582,0.5,0.4211500287055969,0.5,96.0,3,full_power_set,7
hkdu4f8b,run-20260405_220747-hkdu4f8b,arxiv,random_set,GAT,128,2,0.00910512809728662,0.07223739170901472,256,0.5761011242866516,0.5758312344551086,0.0769883468747139,0.43396225571632385,0.5764914155006409,0.4223719835281372,0.5498062372207642,0.42140424251556396,0.551970362663269,82.0,3,full_power_set,7
do802qer,run-20260405_221937-do802qer,arxiv,random_set,GAT,128,2,0.055645868817548995,0.007333384363077042,256,0.6042290925979614,0.60420161485672,0.008384755812585354,0.125,0.5573471784591675,0.3276277184486389,0.385206401348114,0.3257052004337311,0.3879634737968445,69.0,3,full_power_set,7
zjt1higy,run-20260405_222941-zjt1higy,arxiv,random_set,GAT,128,3,0.09501470246475643,0.017590012883574316,256,0.5464683771133423,0.5464214086532593,0.009040226228535175,0.4292683005332947,0.5448119044303894,0.41657382249832153,0.48077473044395447,0.4140302538871765,0.4833025336265564,97.0,3,full_power_set,7
m9xypj8o,run-20260405_225229-m9xypj8o,arxiv,random_set,GAT,64,2,0.0031460261193800975,0.0032467949702812875,256,0.5333272218704224,0.5333154201507568,0.00518281664699316,0.4692307710647583,0.5384326577186584,0.4156751036643982,0.5128576755523682,0.4215715825557709,0.5092450380325317,94.0,3,full_power_set,7
algi96ih,run-20260405_230428-algi96ih,arxiv,random_set,GAT,128,2,0.06699195499860547,0.04961448565563096,256,0.5650249719619751,0.5648340582847595,0.05359996110200882,0.43795621395111084,0.5664139986038208,0.41858455538749695,0.5309534072875977,0.4179746210575104,0.5224990248680115,74.0,3,full_power_set,7
48ouk8ta,run-20260405_231529-48ouk8ta,arxiv,random_set,GAT,256,2,0.05012757566899303,0.058013434919167994,256,0.5696218609809875,0.5694191455841064,0.05507521331310272,0.375,0.5665016770362854,0.4208853840827942,0.5497531890869141,0.4194020926952362,0.549426257610321,89.0,3,full_power_set,7
u39hslaw,run-20260405_233253-u39hslaw,arxiv,random_set,GAT,128,2,0.003696170853364791,0.09112084528671063,256,0.6288843154907227,0.6283689141273499,0.15397967398166656,0.4761904776096344,0.6319151520729065,0.418477326631546,0.5,0.4181935489177704,0.5,52.0,3,full_power_set,7
o5emfqbh,run-20260405_234029-o5emfqbh,arxiv,random_set,GAT,128,2,0.08684249074945598,0.0056890556576855685,256,0.539625346660614,0.5395891666412354,0.01159075926989317,0.43216079473495483,0.5417466759681702,0.42177659273147583,0.5572597980499268,0.41622620820999146,0.5542974472045898,51.0,3,full_power_set,7
v4diw192,run-20260405_234754-v4diw192,arxiv,random_set,GAT,128,2,0.06716527316898348,0.09947066921051918,256,0.6352450847625732,0.6347172856330872,0.15804775059223175,0.3919597864151001,0.635213315486908,0.41604894399642944,0.5,0.4198634922504425,0.4999783933162689,57.0,3,full_power_set,7
